id,intent,state,level,kind,p_entail_fwd,p_contra_fwd,p_entail_rev,score_a,score_b,score_c
1,Analyze the financial risks and summarize key points for the executive board.,Analyze the financial risks and summarize key points for the executive board.,0,identical,0.9880943191985092,0.0036376650237893177,0.9880943191985092,0.011905680801490792,0.0036376650237893177,0.011905680801490792
1,Analyze the financial risks and summarize key points for the executive board.,Look into the money-related risks and give the executives' board a short digest of what matters most.,1,paraphrase,0.9800007501065113,0.0010865703771316588,0.5223282927519031,0.01999924989348867,0.0010865703771316588,0.47767170724809693
1,Analyze the financial risks and summarize key points for the executive board.,Analyze the financial risks.,2,part_dropped,0.0017839960366192451,0.0030528317877360684,0.9902473578612225,0.9982160039633807,0.0030528317877360684,0.9982160039633807
1,Analyze the financial risks and summarize key points for the executive board.,Ignore the financial risks and summarize only the positive points for the executive board.,3,negation,0.006714002112506033,0.9903364452826211,0.00035371173998580255,0.9932859978874939,0.9903364452826211,0.9996462882600142
1,Analyze the financial risks and summarize key points for the executive board.,Analyze the marketing strategy and summarize key points for the executive board.,4,different_task,0.00075275327409085,0.995477815488091,0.0005877372949840394,0.9992472467259091,0.995477815488091,0.9994122627050159
1,Analyze the financial risks and summarize key points for the executive board.,Recommend a good pasta recipe for dinner tonight.,5,unrelated,0.00022163235753959763,0.996341840824545,0.0004738010035472889,0.9997783676424604,0.996341840824545,0.9997783676424604
2,Write a polite email declining the meeting invitation for Friday.,Write a polite email declining the meeting invitation for Friday.,0,identical,0.9896334250045589,0.0013924751429907644,0.9896334250045589,0.010366574995441136,0.0013924751429907644,0.010366574995441136
2,Write a polite email declining the meeting invitation for Friday.,Compose a courteous message telling them I can't attend the Friday meeting.,1,paraphrase,0.9283000756570535,0.009438432585939533,0.9726543856799769,0.07169992434294647,0.009438432585939533,0.07169992434294647
2,Write a polite email declining the meeting invitation for Friday.,Write an email about the Friday meeting.,2,part_dropped,0.004196050806349886,0.08975895935446584,0.6269732415971423,0.9958039491936501,0.08975895935446584,0.9958039491936501
2,Write a polite email declining the meeting invitation for Friday.,Write a polite email accepting the meeting invitation for Friday.,3,negation,0.0006109136442247687,0.9975698474853875,0.000968938669756148,0.9993890863557753,0.9975698474853875,0.9993890863557753
2,Write a polite email declining the meeting invitation for Friday.,Write a polite email asking to reschedule a dentist appointment.,4,different_task,0.00239513712432649,0.8290090201029193,0.0015175921420730782,0.9976048628756735,0.8290090201029193,0.998482407857927
2,Write a polite email declining the meeting invitation for Friday.,Explain how photosynthesis works.,5,unrelated,0.00035438431174729146,0.9591002655234722,0.0005690532669070246,0.9996456156882527,0.9591002655234722,0.9996456156882527
3,Fix the login bug in the Python backend without changing the database schema.,Fix the login bug in the Python backend without changing the database schema.,0,identical,0.9911970988618161,0.0011447100874277044,0.9911970988618161,0.008802901138183938,0.0011447100874277044,0.008802901138183938
3,Fix the login bug in the Python backend without changing the database schema.,Repair the sign-in defect in the server-side Python code while leaving the database tables as they are.,1,paraphrase,0.7291086890012818,0.11161673943826614,0.7231303453104233,0.2708913109987182,0.11161673943826614,0.2768696546895767
3,Fix the login bug in the Python backend without changing the database schema.,Fix the login bug in the Python backend.,2,part_dropped,0.002317608928418366,0.003298961065619921,0.9888443557960576,0.9976823910715816,0.003298961065619921,0.9976823910715816
3,Fix the login bug in the Python backend without changing the database schema.,Fix the login bug in the Python backend by redesigning the database schema.,3,negation,0.0010534512034049781,0.9970909237629555,0.0011025986021173007,0.9989465487965951,0.9970909237629555,0.9989465487965951
3,Fix the login bug in the Python backend without changing the database schema.,Add a dark mode toggle to the mobile app.,4,different_task,0.00031643991300569184,0.9746659991688112,0.0018780966597106332,0.9996835600869943,0.9746659991688112,0.9996835600869943
3,Fix the login bug in the Python backend without changing the database schema.,Plan a weekend hiking trip in the mountains.,5,unrelated,0.0001899532548429992,0.9970919106247459,0.00018121828211029002,0.999810046745157,0.9970919106247459,0.9998187817178897
4,Book a flight from Berlin to Seoul for next Tuesday under 900 euros.,Book a flight from Berlin to Seoul for next Tuesday under 900 euros.,0,identical,0.9886094397227797,0.0021464511856258877,0.9886094397227797,0.011390560277220296,0.0021464511856258877,0.011390560277220296
4,Book a flight from Berlin to Seoul for next Tuesday under 900 euros.,"Reserve a plane ticket leaving Berlin for Seoul next Tuesday, costing less than 900 euros.",1,paraphrase,0.9918510374440076,0.0029741705337140954,0.9888914245671091,0.0081489625559924,0.0029741705337140954,0.0111085754328909
4,Book a flight from Berlin to Seoul for next Tuesday under 900 euros.,Book a flight from Berlin to Seoul.,2,part_dropped,0.0015129307882624185,0.004573779393723935,0.9862205419056398,0.9984870692117376,0.004573779393723935,0.9984870692117376
4,Book a flight from Berlin to Seoul for next Tuesday under 900 euros.,Book a flight from Seoul to Berlin for next Tuesday under 900 euros.,3,entity,0.9856157554809692,0.004269074593960862,0.9826730855859656,0.014384244519030753,0.004269074593960862,0.017326914414034444
4,Book a flight from Berlin to Seoul for next Tuesday under 900 euros.,Book a hotel in Seoul for next Tuesday under 900 euros.,4,different_task,0.0007536183615207337,0.9829602116167345,0.0015457540250754854,0.9992463816384792,0.9829602116167345,0.9992463816384792
4,Book a flight from Berlin to Seoul for next Tuesday under 900 euros.,Suggest names for a new puppy.,5,unrelated,0.00022071102651370807,0.987448089147996,0.0004797504760987138,0.9997792889734863,0.987448089147996,0.9997792889734863
5,Summarize this research paper in three bullet points for a high school student.,Summarize this research paper in three bullet points for a high school student.,0,identical,0.9804921445392385,0.0027900610207959617,0.9804921445392385,0.019507855460761503,0.0027900610207959617,0.019507855460761503
5,Summarize this research paper in three bullet points for a high school student.,Give a high schooler the gist of this study in exactly three short points.,1,paraphrase,0.8835562492711336,0.0040298852045501645,0.79806691120041,0.11644375072886637,0.0040298852045501645,0.20193308879959004
5,Summarize this research paper in three bullet points for a high school student.,Summarize this research paper.,2,part_dropped,0.001424966551091892,0.005827713992644519,0.9731394703158021,0.9985750334489081,0.005827713992644519,0.9985750334489081
5,Summarize this research paper in three bullet points for a high school student.,Summarize this research paper in thirty bullet points for a high school student.,3,number,0.0007100496100174398,0.9948489250669693,0.0008163636656777331,0.9992899503899826,0.9948489250669693,0.9992899503899826
5,Summarize this research paper in three bullet points for a high school student.,Translate this research paper into French.,4,different_task,0.0014047202671497504,0.016612072335511187,0.0035909197079669183,0.9985952797328502,0.016612072335511187,0.9985952797328502
5,Summarize this research paper in three bullet points for a high school student.,Describe the plot of a classic detective novel.,5,unrelated,0.0007316827896975997,0.8569837225733816,0.0004152184969363216,0.9992683172103024,0.8569837225733816,0.9995847815030636
6,Schedule the team stand-up for 9:30 on Monday and invite all five engineers.,Schedule the team stand-up for 9:30 on Monday and invite all five engineers.,0,identical,0.9883816241890634,0.0019167207117754416,0.9883816241890634,0.01161837581093661,0.0019167207117754416,0.01161837581093661
6,Schedule the team stand-up for 9:30 on Monday and invite all five engineers.,Put the engineers' daily sync on the calendar Monday at 9:30 and send an invite to each of the five of them.,1,paraphrase,0.7542017651086889,0.056597676244717364,0.8295207835605571,0.24579823489131114,0.056597676244717364,0.24579823489131114
6,Schedule the team stand-up for 9:30 on Monday and invite all five engineers.,Schedule the team stand-up for Monday.,2,part_dropped,0.0015930008063149864,0.003950001543904914,0.9865682532495447,0.998406999193685,0.003950001543904914,0.998406999193685
6,Schedule the team stand-up for 9:30 on Monday and invite all five engineers.,Schedule the team stand-up for 9:30 on Monday and invite all fifty engineers.,3,number,0.0008586109355535013,0.9961605707525726,0.0011130793527825507,0.9991413890644465,0.9961605707525726,0.9991413890644465
6,Schedule the team stand-up for 9:30 on Monday and invite all five engineers.,Schedule a one-on-one review with the design lead on Wednesday.,4,different_task,0.0003029736399496374,0.992319253651575,0.0006972596947060164,0.9996970263600503,0.992319253651575,0.9996970263600503
6,Schedule the team stand-up for 9:30 on Monday and invite all five engineers.,Tell me a joke about penguins.,5,unrelated,0.0008009755487989839,0.6589682622991877,0.0006363771627915012,0.999199024451201,0.6589682622991877,0.9993636228372085
7,Translate the contract into German and keep all clause numbers unchanged.,Translate the contract into German and keep all clause numbers unchanged.,0,identical,0.9879900529018645,0.0011843067414527384,0.9879900529018645,0.01200994709813552,0.0011843067414527384,0.01200994709813552
7,Translate the contract into German and keep all clause numbers unchanged.,"Render the agreement in German, making sure every clause keeps its original number.",1,paraphrase,0.9863229978998944,0.003096149317485436,0.9806177963950808,0.013677002100105584,0.003096149317485436,0.019382203604919157
7,Translate the contract into German and keep all clause numbers unchanged.,Translate the contract into German.,2,part_dropped,0.002553825341003758,0.006051885282019906,0.9892157763890619,0.9974461746589962,0.006051885282019906,0.9974461746589962
7,Translate the contract into German and keep all clause numbers unchanged.,Translate the contract into German and renumber all clauses.,3,negation,0.006711287433484733,0.9910620007138092,0.011984422449422246,0.9932887125665153,0.9910620007138092,0.9932887125665153
7,Translate the contract into German and keep all clause numbers unchanged.,Proofread the contract in English and flag ambiguous clauses.,4,different_task,0.0005618563890600024,0.9917407653317362,0.0017875240720245898,0.99943814361094,0.9917407653317362,0.99943814361094
7,Translate the contract into German and keep all clause numbers unchanged.,List the planets of the solar system in order.,5,unrelated,0.00023959124937613833,0.9972279509078467,0.00035128038448702445,0.9997604087506239,0.9972279509078467,0.9997604087506239
8,Write a Python function that sorts a list of dictionaries by the 'age' key in ascending order.,Write a Python function that sorts a list of dictionaries by the 'age' key in ascending order.,0,identical,0.983422787580818,0.0038677494839776103,0.983422787580818,0.016577212419181975,0.0038677494839776103,0.016577212419181975
8,Write a Python function that sorts a list of dictionaries by the 'age' key in ascending order.,Create a Python helper that orders a list of dicts from youngest to oldest using their 'age' field.,1,paraphrase,0.6323883655528978,0.07610070006569161,0.11297612872984976,0.3676116344471022,0.07610070006569161,0.8870238712701503
8,Write a Python function that sorts a list of dictionaries by the 'age' key in ascending order.,Write a Python function that sorts a list of dictionaries.,2,part_dropped,0.0031307384566116436,0.010421022476291937,0.9870637737297466,0.9968692615433884,0.010421022476291937,0.9968692615433884
8,Write a Python function that sorts a list of dictionaries by the 'age' key in ascending order.,Write a Python function that sorts a list of dictionaries by the 'age' key in descending order.,3,negation,0.0019380255691298252,0.9925478333534378,0.0011784232255169103,0.9980619744308702,0.9925478333534378,0.9988215767744831
8,Write a Python function that sorts a list of dictionaries by the 'age' key in ascending order.,Write a Python function that removes duplicate entries from a list of dictionaries.,4,different_task,0.00984159764876437,0.2270894780364144,0.004454128911689027,0.9901584023512356,0.2270894780364144,0.9955458710883109
8,Write a Python function that sorts a list of dictionaries by the 'age' key in ascending order.,Give me tips for growing tomatoes on a balcony.,5,unrelated,0.00045951784569450097,0.9766792257093562,0.0002319299399869562,0.9995404821543055,0.9766792257093562,0.999768070060013
9,"Draft a press release announcing our Series A funding, without mentioning the investors' names.","Draft a press release announcing our Series A funding, without mentioning the investors' names.",0,identical,0.989828835160403,0.0017339916354220158,0.989828835160403,0.010171164839597013,0.0017339916354220158,0.010171164839597013
9,"Draft a press release announcing our Series A funding, without mentioning the investors' names.",Prepare a news announcement about closing our Series A round that leaves out who the investors are.,1,paraphrase,0.8699387354191135,0.0744930911407089,0.07687330728843356,0.13006126458088652,0.0744930911407089,0.9231266927115664
9,"Draft a press release announcing our Series A funding, without mentioning the investors' names.",Draft a press release announcing our Series A funding.,2,part_dropped,0.0019143068736170111,0.005534324563169217,0.9849846954761982,0.998085693126383,0.005534324563169217,0.998085693126383
9,"Draft a press release announcing our Series A funding, without mentioning the investors' names.","Draft a press release announcing our Series A funding, and list every investor by name.",3,negation,0.0011608928556305707,0.9971516602650017,0.0011600248995474413,0.9988391071443694,0.9971516602650017,0.9988399751004525
9,"Draft a press release announcing our Series A funding, without mentioning the investors' names.",Draft a press release announcing our new product launch.,4,different_task,0.001265393515473213,0.07725531343515614,0.03245454343826156,0.9987346064845268,0.07725531343515614,0.9987346064845268
9,"Draft a press release announcing our Series A funding, without mentioning the investors' names.",What is the tallest mountain in South America?,5,unrelated,0.000374456484665272,0.9482669475263109,0.0002617835271384754,0.9996255435153347,0.9482669475263109,0.9997382164728615
10,Recommend three vegetarian restaurants in Berlin that are open on Sundays.,Recommend three vegetarian restaurants in Berlin that are open on Sundays.,0,identical,0.9872081448986575,0.0017110673803155912,0.9872081448986575,0.012791855101342509,0.0017110673803155912,0.012791855101342509
10,Recommend three vegetarian restaurants in Berlin that are open on Sundays.,Suggest a trio of meat-free places to eat in Berlin that serve guests on Sundays.,1,paraphrase,0.769997798687389,0.023484372369248715,0.9751444840737944,0.23000220131261095,0.023484372369248715,0.23000220131261095
10,Recommend three vegetarian restaurants in Berlin that are open on Sundays.,Recommend three restaurants in Berlin.,2,part_dropped,0.0018292214603324222,0.0029850995056047596,0.987863187250171,0.9981707785396676,0.0029850995056047596,0.9981707785396676
10,Recommend three vegetarian restaurants in Berlin that are open on Sundays.,Recommend three steakhouses in Berlin that are open on Sundays.,3,entity,0.0018333491152868514,0.973700012502389,0.002188372701593254,0.9981666508847131,0.973700012502389,0.9981666508847131
10,Recommend three vegetarian restaurants in Berlin that are open on Sundays.,Recommend three museums in Berlin that are open on Sundays.,4,different_task,0.0004950120965704176,0.9731294225606136,0.00045182601447686324,0.9995049879034296,0.9731294225606136,0.9995481739855231
10,Recommend three vegetarian restaurants in Berlin that are open on Sundays.,Describe what a rainy afternoon in a small town feels like.,5,unrelated,0.0009468415048825298,0.47503909802316946,0.0003438584802321197,0.9990531584951174,0.47503909802316946,0.9996561415197679
11,Reply to the customer's complaint with an apology and offer a full refund.,Reply to the customer's complaint with an apology and offer a full refund.,0,identical,0.9894106468593755,0.0016244152488827988,0.9894106468593755,0.01058935314062448,0.0016244152488827988,0.01058935314062448
11,Reply to the customer's complaint with an apology and offer a full refund.,Answer the unhappy customer by saying sorry and promising to give all their money back.,1,paraphrase,0.9520830981060556,0.0008367572619956215,0.45653611223472634,0.047916901893944375,0.0008367572619956215,0.5434638877652737
11,Reply to the customer's complaint with an apology and offer a full refund.,Reply to the customer's complaint.,2,part_dropped,0.0014852986367976295,0.004779811299734247,0.98627889602404,0.9985147013632024,0.004779811299734247,0.9985147013632024
11,Reply to the customer's complaint with an apology and offer a full refund.,Reply to the customer's complaint by denying responsibility and refusing any refund.,3,negation,0.0008192995179544464,0.9976720140347778,0.0006131727168452047,0.9991807004820455,0.9976720140347778,0.9993868272831548
11,Reply to the customer's complaint with an apology and offer a full refund.,Reply to the customer's question about shipping times.,4,different_task,0.001073880264829579,0.2476797917272641,0.0017493300887505142,0.9989261197351704,0.2476797917272641,0.9989261197351704
11,Reply to the customer's complaint with an apology and offer a full refund.,Explain the rules of chess to a beginner.,5,unrelated,0.00025661766541919365,0.9708226283939274,0.00026568944684954526,0.9997433823345808,0.9708226283939274,0.9997433823345808
12,"Create a budget spreadsheet for a wedding with a total limit of 15,000 dollars.","Create a budget spreadsheet for a wedding with a total limit of 15,000 dollars.",0,identical,0.9826804437492025,0.0033204508886207637,0.9826804437492025,0.017319556250797508,0.0033204508886207637,0.017319556250797508
12,"Create a budget spreadsheet for a wedding with a total limit of 15,000 dollars.",Build a sheet to plan wedding expenses so that the overall spending cap is fifteen thousand dollars.,1,paraphrase,0.9464605131311372,0.0037005012085796186,0.9694007682877162,0.053539486868862785,0.0037005012085796186,0.053539486868862785
12,"Create a budget spreadsheet for a wedding with a total limit of 15,000 dollars.",Create a budget spreadsheet for a wedding.,2,part_dropped,0.0016626210339847165,0.0040386249764458575,0.9872981382154222,0.9983373789660153,0.0040386249764458575,0.9983373789660153
12,"Create a budget spreadsheet for a wedding with a total limit of 15,000 dollars.","Create a budget spreadsheet for a wedding with a total limit of 150,000 dollars.",3,number,0.0010696171767416568,0.9952658632473843,0.0018489235707111749,0.9989303828232583,0.9952658632473843,0.9989303828232583
12,"Create a budget spreadsheet for a wedding with a total limit of 15,000 dollars.",Create a budget spreadsheet for a small business's quarterly marketing spend.,4,different_task,0.0007233284650014994,0.8193961330867683,0.0014469852790062675,0.9992766715349986,0.8193961330867683,0.9992766715349986
12,"Create a budget spreadsheet for a wedding with a total limit of 15,000 dollars.",How can I stretch my back after sitting all day?,5,unrelated,0.000666435968704894,0.8235206054127261,0.0004618717597897497,0.9993335640312951,0.8235206054127261,0.9995381282402103
13,Proofread the essay for grammar mistakes only and do not change the author's wording.,Proofread the essay for grammar mistakes only and do not change the author's wording.,0,identical,0.9858905022866427,0.0011337715160683825,0.9858905022866427,0.014109497713357344,0.0011337715160683825,0.014109497713357344
13,Proofread the essay for grammar mistakes only and do not change the author's wording.,"Check the essay for grammatical errors alone, leaving the writer's phrasing as it is.",1,paraphrase,0.9687326371570076,0.01089328403089319,0.9003849257714494,0.03126736284299236,0.01089328403089319,0.09961507422855065
13,Proofread the essay for grammar mistakes only and do not change the author's wording.,Proofread the essay.,2,part_dropped,0.0012511144880229881,0.01108301377299931,0.9841365041887253,0.998748885511977,0.01108301377299931,0.998748885511977
13,Proofread the essay for grammar mistakes only and do not change the author's wording.,Proofread the essay for grammar mistakes and rewrite the author's wording to be more formal.,3,scope,0.0004475224220435805,0.997803926763667,0.0010161996045814326,0.9995524775779564,0.997803926763667,0.9995524775779564
13,Proofread the essay for grammar mistakes only and do not change the author's wording.,Write a short summary of the essay's main argument.,4,different_task,0.00041939759305395453,0.9760758668391452,0.0065276166782196774,0.999580602406946,0.9760758668391452,0.999580602406946
13,Proofread the essay for grammar mistakes only and do not change the author's wording.,Describe how a bill becomes a law.,5,unrelated,0.0002710532172080614,0.9925074753434896,0.000896941489412847,0.9997289467827919,0.9925074753434896,0.9997289467827919
14,Summarize the meeting notes and send them to everyone who attended.,Summarize the meeting notes and send them to everyone who attended.,0,identical,0.9879835789971843,0.002353686855879967,0.9879835789971843,0.012016421002815747,0.002353686855879967,0.012016421002815747
14,Summarize the meeting notes and send them to everyone who attended.,Condense what was discussed in the meeting and mail it to all the participants.,1,paraphrase,0.951763214770079,0.0050352577254919,0.9204700114596899,0.04823678522992103,0.0050352577254919,0.07952998854031013
14,Summarize the meeting notes and send them to everyone who attended.,Summarize the meeting notes.,2,part_dropped,0.0023624209368068192,0.0021748114212482086,0.988939387324969,0.9976375790631932,0.0021748114212482086,0.9976375790631932
14,Summarize the meeting notes and send them to everyone who attended.,Summarize the meeting notes and send them to everyone who did not attend.,3,entity,0.003991867521993755,0.9929094604402471,0.001954571224563857,0.9960081324780062,0.9929094604402471,0.9980454287754361
14,Summarize the meeting notes and send them to everyone who attended.,Create an agenda for next week's meeting.,4,different_task,0.0030686249390526805,0.03707787569826524,0.003013045266637072,0.9969313750609473,0.03707787569826524,0.996986954733363
14,Summarize the meeting notes and send them to everyone who attended.,Recommend three board games for a rainy evening.,5,unrelated,0.0004586014800721623,0.9866566974701225,0.0003552466779300864,0.9995413985199278,0.9866566974701225,0.9996447533220699
15,Generate a weekly meal plan for a family of four that avoids peanuts.,Generate a weekly meal plan for a family of four that avoids peanuts.,0,identical,0.9819628732503086,0.0024578903230186135,0.9819628732503086,0.01803712674969138,0.0024578903230186135,0.01803712674969138
15,Generate a weekly meal plan for a family of four that avoids peanuts.,"Put together seven days of dinners for four people at home, making sure nothing contains peanuts.",1,paraphrase,0.9250123119691952,0.029886078034014697,0.11985298742952777,0.0749876880308048,0.029886078034014697,0.8801470125704722
15,Generate a weekly meal plan for a family of four that avoids peanuts.,Generate a weekly meal plan for a family of four.,2,part_dropped,0.0015710376278940598,0.005304143160905344,0.9788520128059941,0.998428962372106,0.005304143160905344,0.998428962372106
15,Generate a weekly meal plan for a family of four that avoids peanuts.,Generate a weekly meal plan for a family of four that features peanuts in every dish.,3,negation,0.0006877648071286468,0.9974387110884521,0.00035756983100139456,0.9993122351928714,0.9974387110884521,0.9996424301689986
15,Generate a weekly meal plan for a family of four that avoids peanuts.,Generate a grocery shopping list for a family of four for the weekend.,4,different_task,0.0018016412380076638,0.8064274832547741,0.0012649665572552695,0.9981983587619924,0.8064274832547741,0.9987350334427447
15,Generate a weekly meal plan for a family of four that avoids peanuts.,Explain why the sky is blue.,5,unrelated,0.0002351866606037671,0.9789726359702708,0.00042761111068435615,0.9997648133393963,0.9789726359702708,0.9997648133393963
16,Compare the battery life of the two laptops and recommend the one that lasts longer.,Compare the battery life of the two laptops and recommend the one that lasts longer.,0,identical,0.9904626732658023,0.0016175450951176225,0.9904626732658023,0.009537326734197715,0.0016175450951176225,0.009537326734197715
16,Compare the battery life of the two laptops and recommend the one that lasts longer.,Look at how long each of the two notebooks runs on a charge and suggest whichever holds out the longest.,1,paraphrase,0.8237664727426718,0.014588434470386522,0.4896725397970111,0.17623352725732822,0.014588434470386522,0.5103274602029889
16,Compare the battery life of the two laptops and recommend the one that lasts longer.,Compare the battery life of the two laptops.,2,part_dropped,0.002441404586576868,0.0019816764938430575,0.984533077213568,0.9975585954134232,0.0019816764938430575,0.9975585954134232
16,Compare the battery life of the two laptops and recommend the one that lasts longer.,Compare the battery life of the two laptops and recommend the one with the worse battery life.,3,negation,0.004686020289307239,0.9014609282916272,0.0008559002949792677,0.9953139797106928,0.9014609282916272,0.9991440997050207
16,Compare the battery life of the two laptops and recommend the one that lasts longer.,Compare the screen quality of the two laptops and recommend the sharper one.,4,different_task,0.0029065781725020044,0.9602032855258458,0.00442137763739567,0.997093421827498,0.9602032855258458,0.997093421827498
16,Compare the battery life of the two laptops and recommend the one that lasts longer.,Which houseplants do well in low light?,5,unrelated,0.0004410161898944874,0.9804324313488469,0.0006390335480445989,0.9995589838101056,0.9804324313488469,0.9995589838101056
17,Set a reminder to call the dentist tomorrow at 10 a.m.,Set a reminder to call the dentist tomorrow at 10 a.m.,0,identical,0.9909989652138198,0.0015273104414560024,0.9909989652138198,0.009001034786180195,0.0015273104414560024,0.009001034786180195
17,Set a reminder to call the dentist tomorrow at 10 a.m.,Remind me to phone the dentist's office tomorrow morning at ten.,1,paraphrase,0.988395791667693,0.0017199694396796306,0.9882204821990795,0.01160420833230702,0.0017199694396796306,0.011779517800920458
17,Set a reminder to call the dentist tomorrow at 10 a.m.,Set a reminder to call the dentist.,2,part_dropped,0.0014335471619538968,0.005421941843082632,0.9850767455575112,0.9985664528380461,0.005421941843082632,0.9985664528380461
17,Set a reminder to call the dentist tomorrow at 10 a.m.,Set a reminder to call the dentist next month at 10 p.m.,3,number,0.008541062458179783,0.980499706979618,0.003306519020269605,0.9914589375418202,0.980499706979618,0.9966934809797304
17,Set a reminder to call the dentist tomorrow at 10 a.m.,Set a reminder to water the plants every Sunday evening.,4,different_task,0.00024153311974668348,0.9855590244618059,0.00033540411903025134,0.9997584668802533,0.9855590244618059,0.9997584668802533
17,Set a reminder to call the dentist tomorrow at 10 a.m.,Tell me the history of the bicycle.,5,unrelated,0.0002890425169494525,0.9686743911180562,0.0003599188373655749,0.9997109574830505,0.9686743911180562,0.9997109574830505
18,Write a unit test for the checkout function that covers the empty-cart case.,Write a unit test for the checkout function that covers the empty-cart case.,0,identical,0.9818613020849852,0.003381355700898021,0.9818613020849852,0.018138697915014768,0.003381355700898021,0.018138697915014768
18,Write a unit test for the checkout function that covers the empty-cart case.,Add a test for the checkout routine that exercises what happens when the cart has nothing in it.,1,paraphrase,0.9076588547089346,0.023930874477156073,0.24461754966492338,0.09234114529106541,0.023930874477156073,0.7553824503350766
18,Write a unit test for the checkout function that covers the empty-cart case.,Write a unit test for the checkout function.,2,part_dropped,0.0018149909062683117,0.0037050697102280115,0.9834515307924515,0.9981850090937316,0.0037050697102280115,0.9981850090937316
18,Write a unit test for the checkout function that covers the empty-cart case.,Write a unit test for the checkout function that covers every case except the empty-cart case.,3,scope,0.047873494547833455,0.943680373957627,0.0014415512833527966,0.9521265054521666,0.943680373957627,0.9985584487166472
18,Write a unit test for the checkout function that covers the empty-cart case.,Write a unit test for the login function that covers the wrong-password case.,4,different_task,0.0007479501311935578,0.9935383521151635,0.000997931028165415,0.9992520498688064,0.9935383521151635,0.9992520498688064
18,Write a unit test for the checkout function that covers the empty-cart case.,Describe the migration route of monarch butterflies.,5,unrelated,0.0003095538526638405,0.9948110280022421,0.0002636468648649736,0.9996904461473362,0.9948110280022421,0.999736353135135
19,Explain how vaccines work to a ten-year-old in under 100 words.,Explain how vaccines work to a ten-year-old in under 100 words.,0,identical,0.9813114831313405,0.0026955263634988276,0.9813114831313405,0.018688516868659466,0.0026955263634988276,0.018688516868659466
19,Explain how vaccines work to a ten-year-old in under 100 words.,"Tell a fifth-grader how immunizations function, keeping it shorter than a hundred words.",1,paraphrase,0.9228981707768416,0.01441402439872621,0.5434412273181316,0.07710182922315845,0.01441402439872621,0.4565587726818684
19,Explain how vaccines work to a ten-year-old in under 100 words.,Explain how vaccines work.,2,part_dropped,0.001692102265229169,0.005715738993913113,0.9871072703642101,0.9983078977347708,0.005715738993913113,0.9983078977347708
19,Explain how vaccines work to a ten-year-old in under 100 words.,"Explain how vaccines work to a ten-year-old in at least 1,000 words.",3,number,0.024079232217433463,0.9596063301225691,0.043722566437100256,0.9759207677825665,0.9596063301225691,0.9759207677825665
19,Explain how vaccines work to a ten-year-old in under 100 words.,Explain how airplanes stay in the air to a ten-year-old in under 100 words.,4,different_task,0.0008309911301733861,0.9885506869059211,0.0005551932414696231,0.9991690088698266,0.9885506869059211,0.9994448067585304
19,Explain how vaccines work to a ten-year-old in under 100 words.,Explain how tides are caused by the moon.,5,unrelated,0.00031018770081960836,0.9936998736488222,0.00025552836850852495,0.9996898122991804,0.9936998736488222,0.9997444716314915
20,Rename all files in the folder to lowercase but do not rename the subfolders.,Rename all files in the folder to lowercase but do not rename the subfolders.,0,identical,0.9902835125623964,0.0014163381491273186,0.9902835125623964,0.00971648743760356,0.0014163381491273186,0.00971648743760356
20,Rename all files in the folder to lowercase but do not rename the subfolders.,"Convert every file name in the directory to lower case, leaving the nested directories' names alone.",1,paraphrase,0.49780336422267635,0.1523352869541341,0.5111029615947688,0.5021966357773237,0.1523352869541341,0.5021966357773237
20,Rename all files in the folder to lowercase but do not rename the subfolders.,Rename all files in the folder to lowercase.,2,part_dropped,0.0021387292031812893,0.010524621777718214,0.9875372856311416,0.9978612707968187,0.010524621777718214,0.9978612707968187
20,Rename all files in the folder to lowercase but do not rename the subfolders.,Rename all files in the folder to lowercase and rename the subfolders too.,3,scope,0.000363455171552593,0.997525468726507,0.0015679052925179563,0.9996365448284474,0.997525468726507,0.9996365448284474
20,Rename all files in the folder to lowercase but do not rename the subfolders.,Delete all temporary files in the folder older than seven days.,4,different_task,0.0046485701544030115,0.5167178905998577,0.003414110717587845,0.995351429845597,0.5167178905998577,0.9965858892824122
20,Rename all files in the folder to lowercase but do not rename the subfolders.,What should I pack for a week at the beach?,5,unrelated,0.00031553646729545504,0.991468400126765,0.00021795719667415717,0.9996844635327046,0.991468400126765,0.9997820428033258
21,"Draft a job posting for a senior data engineer based in Munich, hybrid, three days in the office.","Draft a job posting for a senior data engineer based in Munich, hybrid, three days in the office.",0,identical,0.9796077361718223,0.004057697601321839,0.9796077361718223,0.020392263828177715,0.004057697601321839,0.020392263828177715
21,"Draft a job posting for a senior data engineer based in Munich, hybrid, three days in the office.",Write a vacancy announcement for an experienced data engineer in Munich with a hybrid setup of three office days per week.,1,paraphrase,0.9279690846554337,0.002751139657721292,0.5248822207396283,0.0720309153445663,0.002751139657721292,0.4751177792603717
21,"Draft a job posting for a senior data engineer based in Munich, hybrid, three days in the office.",Draft a job posting for a senior data engineer.,2,part_dropped,0.001582188664948593,0.004932427483899337,0.9716099518732941,0.9984178113350514,0.004932427483899337,0.9984178113350514
21,"Draft a job posting for a senior data engineer based in Munich, hybrid, three days in the office.","Draft a job posting for a junior data engineer based in Madrid, fully remote.",3,entity,0.00024468142779375665,0.9932384621645586,0.0003150100852734869,0.9997553185722062,0.9932384621645586,0.9997553185722062
21,"Draft a job posting for a senior data engineer based in Munich, hybrid, three days in the office.",Draft a rejection letter for a candidate who interviewed for a data engineer role.,4,different_task,0.0023097119698114736,0.017943455986854356,0.0032465464847182095,0.9976902880301886,0.017943455986854356,0.9976902880301886
21,"Draft a job posting for a senior data engineer based in Munich, hybrid, three days in the office.",Recommend a good pasta recipe for dinner tonight.,5,unrelated,0.00023279777627024592,0.9966418804173671,0.00022014364042165758,0.9997672022237297,0.9966418804173671,0.9997798563595783
22,"Calculate the monthly payment on a 300,000 euro mortgage at 4 percent over 25 years.","Calculate the monthly payment on a 300,000 euro mortgage at 4 percent over 25 years.",0,identical,0.9817131528125883,0.0023079721512028243,0.9817131528125883,0.018286847187411692,0.0023079721512028243,0.018286847187411692
22,"Calculate the monthly payment on a 300,000 euro mortgage at 4 percent over 25 years.","Work out what the monthly installment would be for a 300,000 euro home loan at a 4 percent rate lasting 25 years.",1,paraphrase,0.9733951548196409,0.0038941140707801506,0.983804534961123,0.026604845180359105,0.0038941140707801506,0.026604845180359105
22,"Calculate the monthly payment on a 300,000 euro mortgage at 4 percent over 25 years.",Calculate the monthly payment on a mortgage.,2,part_dropped,0.0015440072365772704,0.004455382784067738,0.9899936477264168,0.9984559927634228,0.004455382784067738,0.9984559927634228
22,"Calculate the monthly payment on a 300,000 euro mortgage at 4 percent over 25 years.","Calculate the monthly payment on a 30,000 euro mortgage at 14 percent over 5 years.",3,number,0.0017194693345226448,0.987232184667305,0.0018553070417445994,0.9982805306654774,0.987232184667305,0.9982805306654774
22,"Calculate the monthly payment on a 300,000 euro mortgage at 4 percent over 25 years.","Calculate the total interest paid on a 300,000 euro mortgage at 4 percent over 25 years.",4,different_task,0.028794246352396056,0.022765498025340315,0.14515662011296007,0.971205753647604,0.022765498025340315,0.971205753647604
22,"Calculate the monthly payment on a 300,000 euro mortgage at 4 percent over 25 years.",Explain how photosynthesis works.,5,unrelated,0.00022509111281593887,0.9933760009117429,0.0003122870187283142,0.999774908887184,0.9933760009117429,0.999774908887184
23,Review the pull request and approve it only if all tests pass.,Review the pull request and approve it only if all tests pass.,0,identical,0.9880983261389176,0.0012815245606335782,0.9880983261389176,0.011901673861082429,0.0012815245606335782,0.011901673861082429
23,Review the pull request and approve it only if all tests pass.,Go over the code change and sign off on it solely when every test succeeds.,1,paraphrase,0.7144820522347284,0.07553480491461526,0.3389111232558412,0.2855179477652716,0.07553480491461526,0.6610888767441587
23,Review the pull request and approve it only if all tests pass.,Review the pull request.,2,part_dropped,0.0013901392813194802,0.007101432888042532,0.9907585005579832,0.9986098607186805,0.007101432888042532,0.9986098607186805
23,Review the pull request and approve it only if all tests pass.,Review the pull request and approve it even if tests fail.,3,negation,0.004429999127632267,0.9894255573430148,0.009590364314017597,0.9955700008723677,0.9894255573430148,0.9955700008723677
23,Review the pull request and approve it only if all tests pass.,Write the release notes for the pull request.,4,different_task,0.0007034931145805578,0.8932251560771944,0.012332398631940099,0.9992965068854195,0.8932251560771944,0.9992965068854195
23,Review the pull request and approve it only if all tests pass.,Plan a weekend hiking trip in the mountains.,5,unrelated,0.000334603652828664,0.9701958093715328,0.00021488170830063675,0.9996653963471713,0.9701958093715328,0.9997851182916994
24,Create a slide deck of ten slides about renewable energy for investors.,Create a slide deck of ten slides about renewable energy for investors.,0,identical,0.9869621661227382,0.002095709850182839,0.9869621661227382,0.013037833877261762,0.002095709850182839,0.013037833877261762
24,Create a slide deck of ten slides about renewable energy for investors.,Make a presentation with ten slides on green power aimed at people who put money into companies.,1,paraphrase,0.6637447460180331,0.013474299028463775,0.20006141496797072,0.3362552539819669,0.013474299028463775,0.7999385850320293
24,Create a slide deck of ten slides about renewable energy for investors.,Create a slide deck about renewable energy.,2,part_dropped,0.0016745823203606822,0.0039027251706097994,0.9851720059101318,0.9983254176796393,0.0039027251706097994,0.9983254176796393
24,Create a slide deck of ten slides about renewable energy for investors.,Create a slide deck of ten slides about renewable energy for school children.,3,entity,0.00032243442756756124,0.991960448580704,0.0006515711187984504,0.9996775655724325,0.991960448580704,0.9996775655724325
24,Create a slide deck of ten slides about renewable energy for investors.,Write a one-page memo about renewable energy for investors.,4,different_task,0.0008312735362690342,0.9881296384677709,0.0018505677807986488,0.999168726463731,0.9881296384677709,0.999168726463731
24,Create a slide deck of ten slides about renewable energy for investors.,Suggest names for a new puppy.,5,unrelated,0.0002871226528016297,0.9933085735882635,0.00025114819986417103,0.9997128773471984,0.9933085735882635,0.9997488518001358
25,"Archive all emails older than one year, but keep anything flagged as important.","Archive all emails older than one year, but keep anything flagged as important.",0,identical,0.9862574915941091,0.003392242626518704,0.9862574915941091,0.013742508405890863,0.003392242626518704,0.013742508405890863
25,"Archive all emails older than one year, but keep anything flagged as important.","Move every message more than twelve months old into the archive, except those marked important.",1,paraphrase,0.9459811234034011,0.032328096219625076,0.7207160410582705,0.054018876596598875,0.032328096219625076,0.2792839589417295
25,"Archive all emails older than one year, but keep anything flagged as important.",Archive all emails older than one year.,2,part_dropped,0.002302174569252069,0.004671893300887554,0.9845339645968886,0.9976978254307479,0.004671893300887554,0.9976978254307479
25,"Archive all emails older than one year, but keep anything flagged as important.","Archive only the emails flagged as important, and keep everything else.",3,negation,0.004424953224363848,0.004519432599001753,0.5487767781713725,0.9955750467756361,0.004519432599001753,0.9955750467756361
25,"Archive all emails older than one year, but keep anything flagged as important.",Unsubscribe from all promotional newsletters.,4,different_task,0.0066286396340902425,0.07352727408000591,0.0029483277420260484,0.9933713603659098,0.07352727408000591,0.997051672257974
25,"Archive all emails older than one year, but keep anything flagged as important.",Describe the plot of a classic detective novel.,5,unrelated,0.000561274335560317,0.9392191396696264,0.0007236063741547469,0.9994387256644397,0.9392191396696264,0.9994387256644397
26,"Write a bedtime story about a dragon who is afraid of fire, ending on a happy note.","Write a bedtime story about a dragon who is afraid of fire, ending on a happy note.",0,identical,0.983313539876408,0.0015391698039769397,0.983313539876408,0.016686460123591984,0.0015391698039769397,0.016686460123591984
26,"Write a bedtime story about a dragon who is afraid of fire, ending on a happy note.",Tell a goodnight tale featuring a fire-fearing dragon that finishes cheerfully.,1,paraphrase,0.7576399881771015,0.19787416490755644,0.9866578315880357,0.24236001182289846,0.19787416490755644,0.24236001182289846
26,"Write a bedtime story about a dragon who is afraid of fire, ending on a happy note.",Write a bedtime story about a dragon.,2,part_dropped,0.0015584949019371171,0.005460291766286828,0.9895271711243765,0.9984415050980628,0.005460291766286828,0.9984415050980628
26,"Write a bedtime story about a dragon who is afraid of fire, ending on a happy note.","Write a bedtime story about a dragon who loves fire, ending on a sad note.",3,negation,0.0003322871938155809,0.9983306301382616,0.00034553503040391247,0.9996677128061844,0.9983306301382616,0.9996677128061844
26,"Write a bedtime story about a dragon who is afraid of fire, ending on a happy note.",Write a poem about a dragon who is afraid of fire.,4,different_task,0.0028246930758366586,0.09344522789734601,0.07809988586686964,0.9971753069241633,0.09344522789734601,0.9971753069241633
26,"Write a bedtime story about a dragon who is afraid of fire, ending on a happy note.",Tell me a joke about penguins.,5,unrelated,0.0002885455422346407,0.9947168492330304,0.00044313276581948833,0.9997114544577653,0.9947168492330304,0.9997114544577653
27,Back up the production database every night at 2 a.m. and keep the last seven copies.,Back up the production database every night at 2 a.m. and keep the last seven copies.,0,identical,0.99006166537975,0.001614183583700136,0.99006166537975,0.009938334620249956,0.001614183583700136,0.009938334620249956
27,Back up the production database every night at 2 a.m. and keep the last seven copies.,"Create a nightly snapshot of the live database at 02:00, retaining the seven most recent ones.",1,paraphrase,0.8293953994379722,0.02893566933153734,0.6751420715501097,0.17060460056202775,0.02893566933153734,0.32485792844989025
27,Back up the production database every night at 2 a.m. and keep the last seven copies.,Back up the production database every night.,2,part_dropped,0.0017504049102044037,0.003243043186638204,0.9897758380995209,0.9982495950897956,0.003243043186638204,0.9982495950897956
27,Back up the production database every night at 2 a.m. and keep the last seven copies.,Back up the production database every week at 2 p.m. and keep only the last copy.,3,number,0.001911045078919083,0.9909825361475129,0.0025860351489231225,0.998088954921081,0.9909825361475129,0.998088954921081
27,Back up the production database every night at 2 a.m. and keep the last seven copies.,Restore the staging database from last night's backup.,4,different_task,0.0016363299814707586,0.013534756424021197,0.12755389631175162,0.9983636700185292,0.013534756424021197,0.9983636700185292
27,Back up the production database every night at 2 a.m. and keep the last seven copies.,List the planets of the solar system in order.,5,unrelated,0.0009122001025771103,0.4776474882413486,0.0011794533702593037,0.9990877998974229,0.4776474882413486,0.9990877998974229
28,Find three peer-reviewed articles on sleep and memory published after 2020.,Find three peer-reviewed articles on sleep and memory published after 2020.,0,identical,0.9878322716291537,0.0023309827776051245,0.9878322716291537,0.012167728370846342,0.0023309827776051245,0.012167728370846342
28,Find three peer-reviewed articles on sleep and memory published after 2020.,"Locate a trio of scholarly papers that were reviewed by experts, dealing with rest and recall, from 2021 onward.",1,paraphrase,0.328802448252697,0.11771014974166481,0.2678772848252097,0.671197551747303,0.11771014974166481,0.7321227151747902
28,Find three peer-reviewed articles on sleep and memory published after 2020.,Find three articles on sleep and memory.,2,part_dropped,0.0019002787448370733,0.0027732106549735926,0.9852427726705506,0.9980997212551629,0.0027732106549735926,0.9980997212551629
28,Find three peer-reviewed articles on sleep and memory published after 2020.,Find three peer-reviewed articles on sleep and memory published before 2000.,3,number,0.004180377671055465,0.964852705251249,0.1977320525618515,0.9958196223289445,0.964852705251249,0.9958196223289445
28,Find three peer-reviewed articles on sleep and memory published after 2020.,Find three peer-reviewed articles on diet and heart disease published after 2020.,4,different_task,0.00038642502175902034,0.9925073169424025,0.0005210091734919581,0.999613574978241,0.9925073169424025,0.999613574978241
28,Find three peer-reviewed articles on sleep and memory published after 2020.,Give me tips for growing tomatoes on a balcony.,5,unrelated,0.0002028586506303398,0.990117443151921,0.0002214156765203416,0.9997971413493697,0.990117443151921,0.9997971413493697
29,Tell the new hire where the kitchen is and walk them through the badge system.,Tell the new hire where the kitchen is and walk them through the badge system.,0,identical,0.9843131342767912,0.0040625991200723705,0.9843131342767912,0.015686865723208765,0.0040625991200723705,0.015686865723208765
29,Tell the new hire where the kitchen is and walk them through the badge system.,Show the newcomer the way to the break room and explain how the door passes work.,1,paraphrase,0.0019358993922766632,0.9353061654642907,0.0005260678092838617,0.9980641006077233,0.9353061654642907,0.9994739321907161
29,Tell the new hire where the kitchen is and walk them through the badge system.,Tell the new hire where the kitchen is.,2,part_dropped,0.0021534555490086084,0.00421412369249859,0.98329358482458,0.9978465444509914,0.00421412369249859,0.9978465444509914
29,Tell the new hire where the kitchen is and walk them through the badge system.,Tell the new hire where the parking garage is and walk them through the payroll system.,3,entity,0.0005949258761235411,0.9958133159586601,0.0004942213469284594,0.9994050741238765,0.9958133159586601,0.9995057786530716
29,Tell the new hire where the kitchen is and walk them through the badge system.,Prepare the new hire's laptop and set up their email account.,4,different_task,0.00026691488795058045,0.9947640083180963,0.00027501781328689845,0.9997330851120494,0.9947640083180963,0.9997330851120494
29,Tell the new hire where the kitchen is and walk them through the badge system.,What is the tallest mountain in South America?,5,unrelated,0.00020346059288234167,0.997228583593262,0.00019860221905694162,0.9997965394071177,0.997228583593262,0.999801397780943
30,Write a SQL query that returns the ten most recent orders for customer 4821.,Write a SQL query that returns the ten most recent orders for customer 4821.,0,identical,0.98459943510073,0.0022386510739785346,0.98459943510073,0.015400564899269997,0.0022386510739785346,0.015400564899269997
30,Write a SQL query that returns the ten most recent orders for customer 4821.,Compose a database query fetching the latest ten purchases made by the customer with ID 4821.,1,paraphrase,0.8704996831877163,0.04835770750969333,0.8319791522247457,0.1295003168122837,0.04835770750969333,0.16802084777525428
30,Write a SQL query that returns the ten most recent orders for customer 4821.,Write a SQL query that returns the most recent orders.,2,part_dropped,0.001549658607836415,0.004221970720211762,0.9793949468813198,0.9984503413921636,0.004221970720211762,0.9984503413921636
30,Write a SQL query that returns the ten most recent orders for customer 4821.,Write a SQL query that returns the ten oldest orders for customer 4821.,3,negation,0.022581161566626595,0.9701687079779026,0.716817250312013,0.9774188384333734,0.9701687079779026,0.9774188384333734
30,Write a SQL query that returns the ten most recent orders for customer 4821.,Write a SQL query that counts how many customers signed up last month.,4,different_task,0.003284492668045946,0.04130166682855383,0.005671669533809058,0.996715507331954,0.04130166682855383,0.996715507331954
30,Write a SQL query that returns the ten most recent orders for customer 4821.,Describe what a rainy afternoon in a small town feels like.,5,unrelated,0.00028309949862751746,0.9872591623031415,0.0002602101943115893,0.9997169005013725,0.9872591623031415,0.9997397898056885
31,Delete the duplicate rows from the spreadsheet and keep the first occurrence of each.,Delete the duplicate rows from the spreadsheet and keep the first occurrence of each.,0,identical,0.990906852521055,0.0019450675839675136,0.990906852521055,0.009093147478944963,0.0019450675839675136,0.009093147478944963
31,Delete the duplicate rows from the spreadsheet and keep the first occurrence of each.,"Remove repeated entries in the sheet, retaining the earliest instance of each one.",1,paraphrase,0.9585845498843854,0.010822436966330895,0.9573099101315357,0.04141545011561465,0.010822436966330895,0.04269008986846434
31,Delete the duplicate rows from the spreadsheet and keep the first occurrence of each.,Delete the duplicate rows from the spreadsheet.,2,part_dropped,0.0020735264358645944,0.0138468759852196,0.9905763291333949,0.9979264735641354,0.0138468759852196,0.9979264735641354
31,Delete the duplicate rows from the spreadsheet and keep the first occurrence of each.,"Delete every row from the spreadsheet, not just the duplicates.",3,scope,0.00637280633864487,0.7325585774825709,0.7669781045347039,0.9936271936613551,0.7325585774825709,0.9936271936613551
31,Delete the duplicate rows from the spreadsheet and keep the first occurrence of each.,Sort the spreadsheet rows alphabetically by last name.,4,different_task,0.001542793742592163,0.9725923343018226,0.004240344630082468,0.9984572062574079,0.9725923343018226,0.9984572062574079
31,Delete the duplicate rows from the spreadsheet and keep the first occurrence of each.,Explain the rules of chess to a beginner.,5,unrelated,0.00025304298239769074,0.9928050214571127,0.00036805132185616926,0.9997469570176023,0.9928050214571127,0.9997469570176023
32,"Send the invoice to the finance team, not to the client.","Send the invoice to the finance team, not to the client.",0,identical,0.9914185734714611,0.0015596558667318786,0.9914185734714611,0.008581426528538882,0.0015596558667318786,0.008581426528538882
32,"Send the invoice to the finance team, not to the client.",Forward the bill to the accounting department rather than the customer.,1,paraphrase,0.5929940922209701,0.20772662580225462,0.6206294265143348,0.4070059077790299,0.20772662580225462,0.4070059077790299
32,"Send the invoice to the finance team, not to the client.",Send the invoice.,2,part_dropped,0.001432065867655597,0.006512327268923315,0.9913833998675268,0.9985679341323443,0.006512327268923315,0.9985679341323443
32,"Send the invoice to the finance team, not to the client.","Send the invoice to the client, not to the finance team.",3,entity,0.0012709299157102562,0.9975801138341827,0.0036726442818329785,0.9987290700842898,0.9975801138341827,0.9987290700842898
32,"Send the invoice to the finance team, not to the client.",Create the invoice for the client's latest order.,4,different_task,0.00024856768069669605,0.9966151874179225,0.0019932603114812,0.9997514323193033,0.9966151874179225,0.9997514323193033
32,"Send the invoice to the finance team, not to the client.",How can I stretch my back after sitting all day?,5,unrelated,0.00047395592580275333,0.9141577532668008,0.0007304076366539143,0.9995260440741972,0.9141577532668008,0.9995260440741972
33,Order twelve pizzas for the party on Saturday at 7 p.m.,Order twelve pizzas for the party on Saturday at 7 p.m.,0,identical,0.9891619047323664,0.0013527587214912187,0.9891619047323664,0.010838095267633574,0.0013527587214912187,0.010838095267633574
33,Order twelve pizzas for the party on Saturday at 7 p.m.,Place an order for a dozen pies for Saturday evening's party at seven.,1,paraphrase,0.9882495691247817,0.001518901046119843,0.988014780668216,0.01175043087521832,0.001518901046119843,0.01198521933178398
33,Order twelve pizzas for the party on Saturday at 7 p.m.,Order pizzas for the party.,2,part_dropped,0.0015664610312611474,0.004831797114464806,0.9847316531126687,0.9984335389687389,0.004831797114464806,0.9984335389687389
33,Order twelve pizzas for the party on Saturday at 7 p.m.,Order two pizzas for the party on Sunday at 7 a.m.,3,number,0.0006397474427685903,0.9912757139886791,0.001934982104407385,0.9993602525572314,0.9912757139886791,0.9993602525572314
33,Order twelve pizzas for the party on Saturday at 7 p.m.,Order balloons and decorations for the party.,4,different_task,0.0002900729176498754,0.958218751661266,0.00044135814314649356,0.9997099270823501,0.958218751661266,0.9997099270823501
33,Order twelve pizzas for the party on Saturday at 7 p.m.,Describe how a bill becomes a law.,5,unrelated,0.0003079179686267098,0.9505167076027888,0.00032489627020796486,0.9996920820313733,0.9505167076027888,0.9996920820313733
34,Update only the footer of the website and leave the rest of the page as it is.,Update only the footer of the website and leave the rest of the page as it is.,0,identical,0.9865551362532576,0.002299422187679943,0.9865551362532576,0.013444863746742364,0.002299422187679943,0.013444863746742364
34,Update only the footer of the website and leave the rest of the page as it is.,"Change just the bottom section of the site, keeping everything else on the page untouched.",1,paraphrase,0.9366065964401308,0.04724331460358473,0.8842172592017622,0.06339340355986922,0.04724331460358473,0.1157827407982378
34,Update only the footer of the website and leave the rest of the page as it is.,Update the website.,2,part_dropped,0.002204159168528728,0.12317533718713429,0.9805821061650974,0.9977958408314713,0.12317533718713429,0.9977958408314713
34,Update only the footer of the website and leave the rest of the page as it is.,"Update the entire website, including the header, body and footer.",3,scope,0.0006731359021610319,0.9925579800431542,0.00452484887132895,0.999326864097839,0.9925579800431542,0.999326864097839
34,Update only the footer of the website and leave the rest of the page as it is.,Run a speed test on the website and report the load time.,4,different_task,0.000699314179617928,0.9858813095206773,0.0023166005827657387,0.9993006858203821,0.9858813095206773,0.9993006858203821
34,Update only the footer of the website and leave the rest of the page as it is.,Recommend three board games for a rainy evening.,5,unrelated,0.00034181873943538925,0.9957260272257535,0.00021770547524858515,0.9996581812605646,0.9957260272257535,0.9997822945247514
35,Explain the quarterly results to the sales team in a friendly tone.,Explain the quarterly results to the sales team in a friendly tone.,0,identical,0.9851555514681666,0.0027345100836443557,0.9851555514681666,0.01484444853183342,0.0027345100836443557,0.01484444853183342
35,Explain the quarterly results to the sales team in a friendly tone.,"Walk the salespeople through this quarter's numbers in a warm, approachable way.",1,paraphrase,0.923306158600323,0.0037067988262306758,0.9488796099707713,0.07669384139967705,0.0037067988262306758,0.07669384139967705
35,Explain the quarterly results to the sales team in a friendly tone.,Explain the quarterly results.,2,part_dropped,0.0020480513624269417,0.002792275293498843,0.9886336936659846,0.9979519486375731,0.002792275293498843,0.9979519486375731
35,Explain the quarterly results to the sales team in a friendly tone.,"Explain the quarterly results to the board of directors in a strict, formal tone.",3,entity,0.0004618252607230067,0.9836293994639228,0.00023111358460465063,0.999538174739277,0.9836293994639228,0.9997688864153953
35,Explain the quarterly results to the sales team in a friendly tone.,Prepare next quarter's sales forecast for the sales team.,4,different_task,0.022425496292703104,0.04457653127166327,0.027906612854512333,0.9775745037072969,0.04457653127166327,0.9775745037072969
35,Explain the quarterly results to the sales team in a friendly tone.,Explain why the sky is blue.,5,unrelated,0.0010715596395624964,0.3559784988932291,0.0009690009589798276,0.9989284403604375,0.3559784988932291,0.9990309990410202
36,Include only the top five customers in the report.,Include only the top five customers in the report.,0,identical,0.9893799237691148,0.001528580710128053,0.9893799237691148,0.010620076230885234,0.001528580710128053,0.010620076230885234
36,Include only the top five customers in the report.,Limit the report to the five biggest clients.,1,paraphrase,0.9763617887015595,0.011884753459362074,0.8208286459364291,0.02363821129844046,0.011884753459362074,0.17917135406357088
36,Include only the top five customers in the report.,Include the top customers in the report.,2,part_dropped,0.003066538849691061,0.12511968949892302,0.9634293736152214,0.9969334611503089,0.12511968949892302,0.9969334611503089
36,Include only the top five customers in the report.,"Include all customers in the report, not just the top five.",3,scope,0.0017729664458620942,0.9966562491205639,0.003081176359543795,0.9982270335541379,0.9966562491205639,0.9982270335541379
36,Include only the top five customers in the report.,Add a chart of monthly revenue to the report.,4,different_task,0.0007121280391950733,0.8688350365677165,0.0030252931235661426,0.9992878719608049,0.8688350365677165,0.9992878719608049
36,Include only the top five customers in the report.,Which houseplants do well in low light?,5,unrelated,0.000728134009936332,0.9728898121698166,0.0015235703551280155,0.9992718659900637,0.9728898121698166,0.9992718659900637
37,Limit the presentation to 10 minutes so that there is time for questions.,Limit the presentation to 10 minutes so that there is time for questions.,0,identical,0.9896740471522014,0.0011600870191851278,0.9896740471522014,0.01032595284779858,0.0011600870191851278,0.01032595284779858
37,Limit the presentation to 10 minutes so that there is time for questions.,"Keep the talk down to ten minutes, leaving room to take questions afterwards.",1,paraphrase,0.9700587975475131,0.006971077168443242,0.9112901793687181,0.02994120245248688,0.006971077168443242,0.08870982063128185
37,Limit the presentation to 10 minutes so that there is time for questions.,Limit the presentation so that there is time for questions.,2,part_dropped,0.0020938483303482836,0.0032983012278717566,0.9845728669568642,0.9979061516696517,0.0032983012278717566,0.9979061516696517
37,Limit the presentation to 10 minutes so that there is time for questions.,Stretch the presentation to 90 minutes so that there is no time for questions.,3,number,0.0018352310168956417,0.9946118856963849,0.0009375179287716882,0.9981647689831044,0.9946118856963849,0.9990624820712283
37,Limit the presentation to 10 minutes so that there is time for questions.,Rehearse the presentation twice and record yourself.,4,different_task,0.0006494900630606888,0.9665047760095877,0.0007000045224081958,0.9993505099369393,0.9665047760095877,0.9993505099369393
37,Limit the presentation to 10 minutes so that there is time for questions.,Tell me the history of the bicycle.,5,unrelated,0.0013862003267620254,0.3224221105467839,0.0010494980676521602,0.9986137996732379,0.3224221105467839,0.9989505019323478
38,Translate the user manual from English into Korean.,Translate the user manual from English into Korean.,0,identical,0.9878087934043255,0.004308410650488754,0.9878087934043255,0.01219120659567452,0.004308410650488754,0.01219120659567452
38,Translate the user manual from English into Korean.,Convert the instruction booklet from English to Korean.,1,paraphrase,0.3299591412048667,0.03943596146411396,0.9332589586951576,0.6700408587951333,0.03943596146411396,0.6700408587951333
38,Translate the user manual from English into Korean.,Translate the user manual.,2,part_dropped,0.0017503178551899312,0.003668532835084582,0.9847435660525988,0.99824968214481,0.003668532835084582,0.99824968214481
38,Translate the user manual from English into Korean.,Translate the user manual from Korean into English.,3,entity,0.9604956618287296,0.020989448962780405,0.9757202532196109,0.039504338171270414,0.020989448962780405,0.039504338171270414
38,Translate the user manual from English into Korean.,Write a quick-start guide for the user manual in English.,4,different_task,0.003140949112549686,0.8966372934046298,0.01345557874504267,0.9968590508874503,0.8966372934046298,0.9968590508874503
38,Translate the user manual from English into Korean.,Describe the migration route of monarch butterflies.,5,unrelated,0.0004555319873218585,0.9900802648204284,0.0003446748575730409,0.9995444680126782,0.9900802648204284,0.9996553251424269
39,Back up the documents folder but exclude the downloads folder.,Back up the documents folder but exclude the downloads folder.,0,identical,0.9882318091293784,0.004326453969475652,0.9882318091293784,0.011768190870621642,0.004326453969475652,0.011768190870621642
39,Back up the documents folder but exclude the downloads folder.,"Make a copy of the documents directory, skipping the downloads directory.",1,paraphrase,0.983729021574678,0.008197959319468233,0.9604039154188505,0.01627097842532199,0.008197959319468233,0.03959608458114949
39,Back up the documents folder but exclude the downloads folder.,Back up the documents folder.,2,part_dropped,0.0017854273035170843,0.008097143523105225,0.991345698782437,0.998214572696483,0.008097143523105225,0.998214572696483
39,Back up the documents folder but exclude the downloads folder.,Back up only the downloads folder and exclude the documents folder.,3,scope,0.19506821328670945,0.799618267151724,0.06374073762471338,0.8049317867132906,0.799618267151724,0.9362592623752866
39,Back up the documents folder but exclude the downloads folder.,Free up disk space by clearing the downloads folder.,4,different_task,0.0013510758226554789,0.9876972381430928,0.10598181996453361,0.9986489241773445,0.9876972381430928,0.9986489241773445
39,Back up the documents folder but exclude the downloads folder.,Explain how tides are caused by the moon.,5,unrelated,0.000585227684289582,0.9429605380030344,0.0002519913677319719,0.9994147723157104,0.9429605380030344,0.999748008632268
40,Write a tweet of at most 280 characters announcing our product launch on March 3.,Write a tweet of at most 280 characters announcing our product launch on March 3.,0,identical,0.9871560336658146,0.0014435079003418203,0.9871560336658146,0.012843966334185386,0.0014435079003418203,0.012843966334185386
40,Write a tweet of at most 280 characters announcing our product launch on March 3.,"Post a short message, no longer than 280 characters, saying our product goes live on the third of March.",1,paraphrase,0.9277498998170353,0.033814810560258104,0.5553440274549328,0.07225010018296474,0.033814810560258104,0.44465597254506717
40,Write a tweet of at most 280 characters announcing our product launch on March 3.,Write a tweet announcing our product launch.,2,part_dropped,0.0019473407257641936,0.0025956248743715014,0.9872409327644237,0.9980526592742358,0.0025956248743715014,0.9980526592742358
40,Write a tweet of at most 280 characters announcing our product launch on March 3.,"Write a blog post of at least 2,000 words announcing our product launch on December 25.",3,number,0.0007712102004549774,0.9924332560648406,0.0012944477244525637,0.999228789799545,0.9924332560648406,0.999228789799545
40,Write a tweet of at most 280 characters announcing our product launch on March 3.,Write a tweet thanking our customers for their feedback.,4,different_task,0.001142542178670436,0.017789358819564553,0.0012711804248408043,0.9988574578213296,0.017789358819564553,0.9988574578213296
40,Write a tweet of at most 280 characters announcing our product launch on March 3.,What should I pack for a week at the beach?,5,unrelated,0.000668994496886817,0.8668224482914462,0.00024183998573586266,0.9993310055031132,0.8668224482914462,0.9997581600142641
41,Assign the login bug to Maria and set its priority to high.,Assign the login bug to Maria and set its priority to high.,0,identical,0.9886446068388455,0.0020399250579273783,0.9886446068388455,0.011355393161154526,0.0020399250579273783,0.011355393161154526
41,Assign the login bug to Maria and set its priority to high.,Give Maria ownership of the sign-in defect and mark it as high priority.,1,paraphrase,0.969355188053722,0.010305463794410417,0.9514834017552674,0.030644811946277994,0.010305463794410417,0.048516598244732645
41,Assign the login bug to Maria and set its priority to high.,Assign the login bug to Maria.,2,part_dropped,0.0038398275765846985,0.003397706794911441,0.9893493387798027,0.9961601724234153,0.003397706794911441,0.9961601724234153
41,Assign the login bug to Maria and set its priority to high.,Assign the payment bug to Daniel and set its priority to low.,3,entity,0.00047154864475627747,0.9945497860769075,0.00034525774864256235,0.9995284513552437,0.9945497860769075,0.9996547422513574
41,Assign the login bug to Maria and set its priority to high.,Close the login bug and add a comment with the fix.,4,different_task,0.0005910496384923674,0.9843944604995688,0.0008241858968785857,0.9994089503615077,0.9843944604995688,0.9994089503615077
41,Assign the login bug to Maria and set its priority to high.,Recommend a good pasta recipe for dinner tonight.,5,unrelated,0.0002718750438838483,0.9949975478731813,0.00028157188286918265,0.9997281249561162,0.9949975478731813,0.9997281249561162
42,Answer using only the information in the attached document.,Answer using only the information in the attached document.,0,identical,0.9901224422172391,0.0015671846207057528,0.9901224422172391,0.009877557782760893,0.0015671846207057528,0.009877557782760893
42,Answer using only the information in the attached document.,Base your reply exclusively on what is written in the attached file.,1,paraphrase,0.9776623221416753,0.00693411324994156,0.9492927218422104,0.022337677858324745,0.00693411324994156,0.05070727815778964
42,Answer using only the information in the attached document.,Answer the question.,2,part_dropped,0.0024201978836805448,0.013987080000815087,0.7986765748009826,0.9975798021163195,0.013987080000815087,0.9975798021163195
42,Answer using only the information in the attached document.,"Answer using any information you can find, ignoring the attached document.",3,scope,0.0012348746649140298,0.9970561842659778,0.000839310711186731,0.998765125335086,0.9970561842659778,0.9991606892888133
42,Answer using only the information in the attached document.,Summarize the attached document in two sentences.,4,different_task,0.016074854964424356,0.945692649786,0.009099042847016688,0.9839251450355756,0.945692649786,0.9909009571529833
42,Answer using only the information in the attached document.,Explain how photosynthesis works.,5,unrelated,0.005804164115363909,0.20732242262029557,0.001098644695361397,0.9941958358846361,0.20732242262029557,0.9989013553046386
43,"Generate five name ideas for a coffee shop, each under three words.","Generate five name ideas for a coffee shop, each under three words.",0,identical,0.984034842183928,0.002422653712110838,0.984034842183928,0.015965157816071995,0.002422653712110838,0.015965157816071995
43,"Generate five name ideas for a coffee shop, each under three words.","Come up with five possible titles for a cafe, every one shorter than three words.",1,paraphrase,0.9874981250260609,0.004007453619196741,0.9861101202164875,0.012501874973939064,0.004007453619196741,0.013889879783512527
43,"Generate five name ideas for a coffee shop, each under three words.",Generate name ideas for a coffee shop.,2,part_dropped,0.002110156402701571,0.00995212018235344,0.9393674616118454,0.9978898435972984,0.00995212018235344,0.9978898435972984
43,"Generate five name ideas for a coffee shop, each under three words.","Generate fifty name ideas for a coffee shop, each over ten words long.",3,number,0.0013825549465228452,0.993565064492544,0.001507563798461296,0.9986174450534772,0.993565064492544,0.9986174450534772
43,"Generate five name ideas for a coffee shop, each under three words.",Generate five slogan ideas for a coffee shop.,4,different_task,0.012758430247436907,0.029808453879609027,0.7394312109020431,0.987241569752563,0.029808453879609027,0.987241569752563
43,"Generate five name ideas for a coffee shop, each under three words.",Plan a weekend hiking trip in the mountains.,5,unrelated,0.00027986437648523145,0.9964163987741675,0.00019092468565828617,0.9997201356235148,0.9964163987741675,0.9998090753143417
44,Draft a message to the supplier in Vietnam asking for a quote on 500 units.,Draft a message to the supplier in Vietnam asking for a quote on 500 units.,0,identical,0.9821446025004827,0.004875876063443716,0.9821446025004827,0.017855397499517256,0.004875876063443716,0.017855397499517256
44,Draft a message to the supplier in Vietnam asking for a quote on 500 units.,Write to the Vietnamese vendor requesting a price offer for five hundred items.,1,paraphrase,0.7819311650509356,0.0731715503875415,0.9224031099447549,0.21806883494906437,0.0731715503875415,0.21806883494906437
44,Draft a message to the supplier in Vietnam asking for a quote on 500 units.,Draft a message to the supplier in Vietnam.,2,part_dropped,0.0015179033210495833,0.004685679964852204,0.9805898142449568,0.9984820966789504,0.004685679964852204,0.9984820966789504
44,Draft a message to the supplier in Vietnam asking for a quote on 500 units.,Draft a message to the customer in Vietnam offering a discount on 500 units.,3,entity,0.14678460396276916,0.7386604755894055,0.23557651157342732,0.8532153960372308,0.7386604755894055,0.8532153960372308
44,Draft a message to the supplier in Vietnam asking for a quote on 500 units.,Draft a message to the supplier in Vietnam about a delayed shipment.,4,different_task,0.0013715433281606397,0.1884143158866203,0.0016118183502481147,0.9986284566718394,0.1884143158866203,0.9986284566718394
44,Draft a message to the supplier in Vietnam asking for a quote on 500 units.,Suggest names for a new puppy.,5,unrelated,0.0004036564015476551,0.9594246151024349,0.0007150848722937839,0.9995963435984524,0.9594246151024349,0.9995963435984524
45,"Check the code for security vulnerabilities, but do not modify any files.","Check the code for security vulnerabilities, but do not modify any files.",0,identical,0.9905028618454718,0.0013477232653946762,0.9905028618454718,0.00949713815452824,0.0013477232653946762,0.00949713815452824
45,"Check the code for security vulnerabilities, but do not modify any files.",Inspect the source for security weaknesses without making changes to any file.,1,paraphrase,0.946472274123911,0.002759836632174694,0.9735266485108849,0.053527725876089005,0.002759836632174694,0.053527725876089005
45,"Check the code for security vulnerabilities, but do not modify any files.",Check the code for security vulnerabilities.,2,part_dropped,0.0017849836415528787,0.012609375767175607,0.9883801091305723,0.9982150163584471,0.012609375767175607,0.9982150163584471
45,"Check the code for security vulnerabilities, but do not modify any files.",Check the code for security vulnerabilities and patch every file you find a problem in.,3,scope,0.0003575500304871797,0.9966897331100213,0.0009609982622405615,0.9996424499695128,0.9966897331100213,0.9996424499695128
45,"Check the code for security vulnerabilities, but do not modify any files.",Add logging statements to the payment module.,4,different_task,0.00029279019564199514,0.9913064221319738,0.00123228387459847,0.999707209804358,0.9913064221319738,0.999707209804358
45,"Check the code for security vulnerabilities, but do not modify any files.",Describe the plot of a classic detective novel.,5,unrelated,0.00021232746765725952,0.9915519556148201,0.0003855894602353708,0.9997876725323427,0.9915519556148201,0.9997876725323427
46,Cut the video down to 60 seconds and add English subtitles.,Cut the video down to 60 seconds and add English subtitles.,0,identical,0.9907820297578745,0.0013864282094190811,0.9907820297578745,0.00921797024212545,0.0013864282094190811,0.00921797024212545
46,Cut the video down to 60 seconds and add English subtitles.,Trim the clip to a minute long and put English captions on it.,1,paraphrase,0.7785626846935542,0.15448747054576986,0.4774167507073759,0.22143731530644584,0.15448747054576986,0.5225832492926241
46,Cut the video down to 60 seconds and add English subtitles.,Cut the video down and add English subtitles.,2,part_dropped,0.0024225584430928467,0.002091800091068126,0.9891296656125472,0.9975774415569072,0.002091800091068126,0.9975774415569072
46,Cut the video down to 60 seconds and add English subtitles.,Extend the video to 60 minutes and add English subtitles.,3,number,0.002180283729793172,0.9949563117042232,0.0029815227816650442,0.9978197162702068,0.9949563117042232,0.9978197162702068
46,Cut the video down to 60 seconds and add English subtitles.,Add background music to the video and export it as MP4.,4,different_task,0.0003300907424241371,0.9893022130910623,0.0008874933222405268,0.9996699092575758,0.9893022130910623,0.9996699092575758
46,Cut the video down to 60 seconds and add English subtitles.,Tell me a joke about penguins.,5,unrelated,0.00036920421376669915,0.9530867471836878,0.0006714957429654207,0.9996307957862333,0.9530867471836878,0.9996307957862333
47,Congratulate Priya on her promotion in a short card.,Congratulate Priya on her promotion in a short card.,0,identical,0.9778064550748838,0.004513452334005074,0.9778064550748838,0.02219354492511616,0.004513452334005074,0.02219354492511616
47,Congratulate Priya on her promotion in a short card.,Write a brief note celebrating Priya's step up to a higher role.,1,paraphrase,0.7893607143864553,0.0031577994107227746,0.859731103469852,0.21063928561354472,0.0031577994107227746,0.21063928561354472
47,Congratulate Priya on her promotion in a short card.,Congratulate Priya.,2,part_dropped,0.002108608189466556,0.002686599857838005,0.9780074688165463,0.9978913918105334,0.002686599857838005,0.9978913918105334
47,Congratulate Priya on her promotion in a short card.,Apologize to Priya for missing her birthday in a short card.,3,entity,0.0007907466330730995,0.997092538979193,0.00025926471473625287,0.9992092533669269,0.997092538979193,0.9997407352852637
47,Congratulate Priya on her promotion in a short card.,Congratulate Priya on her promotion in a speech at the team lunch.,4,different_task,0.019772607634382454,0.4460490360765472,0.0006705393007832459,0.9802273923656175,0.4460490360765472,0.9993294606992168
47,Congratulate Priya on her promotion in a short card.,List the planets of the solar system in order.,5,unrelated,0.0002899445846761488,0.9770342838753765,0.0003539706824579785,0.9997100554153239,0.9770342838753765,0.9997100554153239
48,Translate only the headings of the document into Spanish and leave the body in English.,Translate only the headings of the document into Spanish and leave the body in English.,0,identical,0.986598990671407,0.0020050884391514968,0.986598990671407,0.013401009328593005,0.0020050884391514968,0.013401009328593005
48,Translate only the headings of the document into Spanish and leave the body in English.,"Put just the section titles of the document into Spanish, keeping the main text in English.",1,paraphrase,0.30704742114699,0.24373111500640574,0.9327506812449453,0.69295257885301,0.24373111500640574,0.69295257885301
48,Translate only the headings of the document into Spanish and leave the body in English.,Translate the headings of the document into Spanish.,2,part_dropped,0.003687653966493402,0.03289754433595118,0.989515060551011,0.9963123460335066,0.03289754433595118,0.9963123460335066
48,Translate only the headings of the document into Spanish and leave the body in English.,"Translate the entire document into Spanish, including the body.",3,scope,0.0005249972068219136,0.9904053634054126,0.029364089319259937,0.9994750027931781,0.9904053634054126,0.9994750027931781
48,Translate only the headings of the document into Spanish and leave the body in English.,Check the Spanish headings of the document for spelling mistakes.,4,different_task,0.0008203142623437246,0.9819419841857076,0.018597836663010126,0.9991796857376563,0.9819419841857076,0.9991796857376563
48,Translate only the headings of the document into Spanish and leave the body in English.,Give me tips for growing tomatoes on a balcony.,5,unrelated,0.0003404936238426454,0.9982828939773916,0.00022324121760880833,0.9996595063761573,0.9982828939773916,0.9997767587823911
49,"Show the monthly sales as a bar chart, grouped by region.","Show the monthly sales as a bar chart, grouped by region.",0,identical,0.9874429601297561,0.0024523250444149435,0.9874429601297561,0.012557039870243925,0.0024523250444149435,0.012557039870243925
49,"Show the monthly sales as a bar chart, grouped by region.","Display each month's revenue in a bar graph, split up by area.",1,paraphrase,0.9898849982309075,0.0024695744870646655,0.9845917130397087,0.010115001769092524,0.0024695744870646655,0.015408286960291284
49,"Show the monthly sales as a bar chart, grouped by region.",Show the monthly sales as a chart.,2,part_dropped,0.0025080738318988293,0.010832004227417237,0.9476678531021949,0.9974919261681011,0.010832004227417237,0.9974919261681011
49,"Show the monthly sales as a bar chart, grouped by region.","Show the yearly sales as a pie chart, grouped by product.",3,entity,0.0017602484670876301,0.9902657215541967,0.002085827367308878,0.9982397515329123,0.9902657215541967,0.9982397515329123
49,"Show the monthly sales as a bar chart, grouped by region.",Calculate the average monthly sales per region.,4,different_task,0.03488736295144949,0.27290692179311016,0.42437325501788736,0.9651126370485505,0.27290692179311016,0.9651126370485505
49,"Show the monthly sales as a bar chart, grouped by region.",What is the tallest mountain in South America?,5,unrelated,0.0004309335725073412,0.9926234284797738,0.00028913097912574437,0.9995690664274927,0.9926234284797738,0.9997108690208742
50,Use a maximum of three sentences to describe the product's main benefit.,Use a maximum of three sentences to describe the product's main benefit.,0,identical,0.9871063226469988,0.0027616230756030502,0.9871063226469988,0.012893677353001176,0.0027616230756030502,0.012893677353001176
50,Use a maximum of three sentences to describe the product's main benefit.,Describe the product's chief advantage in no more than three sentences.,1,paraphrase,0.9810785833868545,0.004321654453622806,0.9729248694264503,0.018921416613145503,0.004321654453622806,0.02707513057354971
50,Use a maximum of three sentences to describe the product's main benefit.,Describe the product's main benefit.,2,part_dropped,0.0028761616774820374,0.00543855090405225,0.988887590981,0.9971238383225179,0.00543855090405225,0.9971238383225179
50,Use a maximum of three sentences to describe the product's main benefit.,Use at least ten sentences to describe the product's main benefit.,3,number,0.002481286089368924,0.9919313718134944,0.0032072966944687283,0.9975187139106311,0.9919313718134944,0.9975187139106311
50,Use a maximum of three sentences to describe the product's main benefit.,Describe the product's main competitor in three sentences.,4,different_task,0.23628505480182016,0.5289639051531457,0.006387207917985472,0.7637149451981798,0.5289639051531457,0.9936127920820145
50,Use a maximum of three sentences to describe the product's main benefit.,Describe what a rainy afternoon in a small town feels like.,5,unrelated,0.0035558983337963357,0.2633715970508332,0.00046088433084107687,0.9964441016662037,0.2633715970508332,0.9995391156691589
51,Apply the discount code only to orders above 50 euros.,Apply the discount code only to orders above 50 euros.,0,identical,0.9867564555540258,0.0025223438079613534,0.9867564555540258,0.013243544445974198,0.0025223438079613534,0.013243544445974198
51,Apply the discount code only to orders above 50 euros.,The promo code should work solely on purchases that exceed fifty euros.,1,paraphrase,0.917205815604748,0.04862124883577777,0.5132035607026498,0.08279418439525199,0.04862124883577777,0.48679643929735017
51,Apply the discount code only to orders above 50 euros.,Apply the discount code to orders.,2,part_dropped,0.0014322904216298449,0.008398568601414356,0.9767616755611304,0.9985677095783702,0.008398568601414356,0.9985677095783702
51,Apply the discount code only to orders above 50 euros.,"Apply the discount code to all orders, regardless of the amount.",3,scope,0.0016067095580305688,0.6925683610353995,0.0014800861653857028,0.9983932904419694,0.6925683610353995,0.9985199138346142
51,Apply the discount code only to orders above 50 euros.,Generate a new discount code for first-time customers.,4,different_task,0.0015235698013085083,0.02961312796486812,0.006834233078926024,0.9984764301986915,0.02961312796486812,0.9984764301986915
51,Apply the discount code only to orders above 50 euros.,Explain the rules of chess to a beginner.,5,unrelated,0.0006493982482533018,0.8684464486267914,0.00030039302098568485,0.9993506017517467,0.8684464486267914,0.9996996069790143
52,Keep the tone of the email professional and avoid using emojis.,Keep the tone of the email professional and avoid using emojis.,0,identical,0.9888184189743955,0.0010561934931264247,0.9888184189743955,0.011181581025604515,0.0010561934931264247,0.011181581025604515
52,Keep the tone of the email professional and avoid using emojis.,Make the message sound businesslike and refrain from adding any emoticons.,1,paraphrase,0.589303035371818,0.0019474188328631396,0.9666321598007688,0.41069696462818195,0.0019474188328631396,0.41069696462818195
52,Keep the tone of the email professional and avoid using emojis.,Keep the tone of the email professional.,2,part_dropped,0.002778875374971311,0.0034689997686960035,0.9883514221750034,0.9972211246250287,0.0034689997686960035,0.9972211246250287
52,Keep the tone of the email professional and avoid using emojis.,Make the tone of the email casual and use plenty of emojis.,3,negation,0.001723162179982616,0.9967400386330487,0.00064542540138815,0.9982768378200174,0.9967400386330487,0.9993545745986119
52,Keep the tone of the email professional and avoid using emojis.,Write the subject line for the email.,4,different_task,0.004739492037847716,0.717104007264319,0.015594680983427076,0.9952605079621523,0.717104007264319,0.9952605079621523
52,Keep the tone of the email professional and avoid using emojis.,How can I stretch my back after sitting all day?,5,unrelated,0.0006387395196856099,0.9824557188371359,0.0003922934266037538,0.9993612604803144,0.9824557188371359,0.9996077065733963
53,Fix the typos in the first paragraph only.,Fix the typos in the first paragraph only.,0,identical,0.9910167356120223,0.0011268559924507051,0.9910167356120223,0.008983264387977696,0.0011268559924507051,0.008983264387977696
53,Fix the typos in the first paragraph only.,Correct the spelling errors that appear solely in the opening paragraph.,1,paraphrase,0.9719784140523118,0.007061068469948042,0.26887326220608226,0.02802158594768822,0.007061068469948042,0.7311267377939177
53,Fix the typos in the first paragraph only.,Fix the typos.,2,part_dropped,0.0019108094125347066,0.004649790425794626,0.9888851082936794,0.9980891905874653,0.004649790425794626,0.9980891905874653
53,Fix the typos in the first paragraph only.,Fix the typos in every paragraph except the first.,3,scope,0.06130255437774717,0.9250866618123679,0.005046256694728359,0.9386974456222529,0.9250866618123679,0.9949537433052716
53,Fix the typos in the first paragraph only.,Rewrite the first paragraph to sound more engaging.,4,different_task,0.028880636089832826,0.1363005649722525,0.018402089504785533,0.9711193639101672,0.1363005649722525,0.9815979104952145
53,Fix the typos in the first paragraph only.,Describe how a bill becomes a law.,5,unrelated,0.0009925840494453956,0.8399511053767156,0.0010578906766545435,0.9990074159505546,0.8399511053767156,0.9990074159505546
54,Create a birthday playlist for my grandmother with songs from the 1960s.,Create a birthday playlist for my grandmother with songs from the 1960s.,0,identical,0.9885311563121212,0.0021209202651952413,0.9885311563121212,0.011468843687878816,0.0021209202651952413,0.011468843687878816
54,Create a birthday playlist for my grandmother with songs from the 1960s.,Put together a set of tunes from the sixties for my grandma's birthday.,1,paraphrase,0.9867761998049247,0.0011331576298972757,0.9810583707082228,0.013223800195075297,0.0011331576298972757,0.01894162929177723
54,Create a birthday playlist for my grandmother with songs from the 1960s.,Create a birthday playlist for my grandmother.,2,part_dropped,0.002034553664934829,0.0024742788445485707,0.9867405549986152,0.9979654463350651,0.0024742788445485707,0.9979654463350651
54,Create a birthday playlist for my grandmother with songs from the 1960s.,Create a workout playlist for my brother with songs from the 2020s.,3,entity,0.0003171218200291587,0.9977544931334039,0.0003044400971090765,0.9996828781799708,0.9977544931334039,0.9996955599028909
54,Create a birthday playlist for my grandmother with songs from the 1960s.,Find a restaurant for my grandmother's birthday dinner.,4,different_task,0.0006345302931835009,0.9669187680334882,0.0004398013003916317,0.9993654697068165,0.9669187680334882,0.9995601986996083
54,Create a birthday playlist for my grandmother with songs from the 1960s.,Recommend three board games for a rainy evening.,5,unrelated,0.0003437574887134269,0.9618161547384568,0.00025968334355009714,0.9996562425112866,0.9618161547384568,0.9997403166564499
55,Merge the two branches but do not delete either of them afterwards.,Merge the two branches but do not delete either of them afterwards.,0,identical,0.9915074100364855,0.001462589836805781,0.9915074100364855,0.00849258996351454,0.001462589836805781,0.00849258996351454
55,Merge the two branches but do not delete either of them afterwards.,Combine the pair of branches and leave both in place once done.,1,paraphrase,0.5261229732209877,0.050159965002322844,0.8167677162110147,0.47387702677901233,0.050159965002322844,0.47387702677901233
55,Merge the two branches but do not delete either of them afterwards.,Merge the two branches.,2,part_dropped,0.002852063376134788,0.008524863084863239,0.9925802291669307,0.9971479366238652,0.008524863084863239,0.9971479366238652
55,Merge the two branches but do not delete either of them afterwards.,Merge the two branches and delete both of them afterwards.,3,negation,0.0011984014895416852,0.9952390671054627,0.002568480728016087,0.9988015985104584,0.9952390671054627,0.9988015985104584
55,Merge the two branches but do not delete either of them afterwards.,Resolve the merge conflict in the settings file.,4,different_task,0.0069106582881244705,0.2316990428274021,0.006207034821453697,0.9930893417118756,0.2316990428274021,0.9937929651785463
55,Merge the two branches but do not delete either of them afterwards.,Explain why the sky is blue.,5,unrelated,0.00047760936596090523,0.9738050301694596,0.000708489346376108,0.9995223906340391,0.9738050301694596,0.9995223906340391
56,Write a thank-you note to the interviewer after the second round.,Write a thank-you note to the interviewer after the second round.,0,identical,0.9889849370010184,0.002515641216871667,0.9889849370010184,0.011015062998981584,0.002515641216871667,0.011015062998981584
56,Write a thank-you note to the interviewer after the second round.,Send a note of appreciation to the person who interviewed me following the second stage.,1,paraphrase,0.9763614546267316,0.005042713893934116,0.9762916840960087,0.02363854537326837,0.005042713893934116,0.02370831590399125
56,Write a thank-you note to the interviewer after the second round.,Write a thank-you note to the interviewer.,2,part_dropped,0.0024604748290042527,0.001937052462110791,0.9815995587459369,0.9975395251709958,0.001937052462110791,0.9975395251709958
56,Write a thank-you note to the interviewer after the second round.,Write a thank-you note to the hiring manager before the first round.,3,entity,0.0036685598668753402,0.9536829429152588,0.0041348328821347235,0.9963314401331247,0.9536829429152588,0.9963314401331247
56,Write a thank-you note to the interviewer after the second round.,Prepare answers for the third interview round.,4,different_task,0.002926189134234624,0.8101872723874214,0.015911599923075614,0.9970738108657654,0.8101872723874214,0.9970738108657654
56,Write a thank-you note to the interviewer after the second round.,Which houseplants do well in low light?,5,unrelated,0.0004387727763470133,0.9357442852523239,0.0008678535821507542,0.999561227223653,0.9357442852523239,0.999561227223653
57,Plan a two-day trip to Prague with a budget of 400 euros.,Plan a two-day trip to Prague with a budget of 400 euros.,0,identical,0.9866630706458569,0.002561096962747595,0.9866630706458569,0.013336929354143101,0.002561096962747595,0.013336929354143101
57,Plan a two-day trip to Prague with a budget of 400 euros.,Sketch out a 48-hour visit to Prague that stays within 400 euros.,1,paraphrase,0.4675225318446964,0.4880432724984096,0.5108238664313046,0.5324774681553036,0.4880432724984096,0.5324774681553036
57,Plan a two-day trip to Prague with a budget of 400 euros.,Plan a trip to Prague.,2,part_dropped,0.0018220388760109923,0.003106091720087859,0.9903031370097921,0.998177961123989,0.003106091720087859,0.998177961123989
57,Plan a two-day trip to Prague with a budget of 400 euros.,"Plan a two-week trip to Prague with a budget of 4,000 euros.",3,number,0.019885060754802567,0.9693465234200969,0.004469553046799012,0.9801149392451974,0.9693465234200969,0.995530446953201
57,Plan a two-day trip to Prague with a budget of 400 euros.,Book a hotel in Prague for two nights with a budget of 400 euros.,4,different_task,0.45436249646716725,0.44049354370874383,0.01299692132792241,0.5456375035328327,0.44049354370874383,0.9870030786720776
57,Plan a two-day trip to Prague with a budget of 400 euros.,Tell me the history of the bicycle.,5,unrelated,0.0007217769292368241,0.6946337416105741,0.00045446538682218033,0.9992782230707632,0.6946337416105741,0.9995455346131779
58,Remind the team about the deadline three days before it is due.,Remind the team about the deadline three days before it is due.,0,identical,0.9892488066141683,0.0024022960040410565,0.9892488066141683,0.010751193385831748,0.0024022960040410565,0.010751193385831748
58,Remind the team about the deadline three days before it is due.,Give the team a heads-up about the due date 72 hours ahead of it.,1,paraphrase,0.7612184938267343,0.19237572745954973,0.8956238698620148,0.23878150617326566,0.19237572745954973,0.23878150617326566
58,Remind the team about the deadline three days before it is due.,Remind the team about the deadline.,2,part_dropped,0.0015453254532375748,0.0048468150833203254,0.9883214990430875,0.9984546745467624,0.0048468150833203254,0.9984546745467624
58,Remind the team about the deadline three days before it is due.,Remind the team about the deadline three days after it has passed.,3,number,0.08053545181034223,0.8940730301965903,0.012216384790268925,0.9194645481896577,0.8940730301965903,0.9877836152097311
58,Remind the team about the deadline three days before it is due.,Extend the deadline by one week and inform the team.,4,different_task,0.22839694195612512,0.6749887712238081,0.23110193002550367,0.7716030580438749,0.6749887712238081,0.7716030580438749
58,Remind the team about the deadline three days before it is due.,Describe the migration route of monarch butterflies.,5,unrelated,0.0007533175513631435,0.7545030497769575,0.00042792690986321593,0.9992466824486369,0.7545030497769575,0.9995720730901367
59,Share the document with the marketing team with view-only access.,Share the document with the marketing team with view-only access.,0,identical,0.9851515191924752,0.00370333600162016,0.9851515191924752,0.014848480807524767,0.00370333600162016,0.014848480807524767
59,Share the document with the marketing team with view-only access.,Give the marketing group read-only permission to the file.,1,paraphrase,0.24450165138828972,0.7130026703845059,0.21430501966932397,0.7554983486117103,0.7130026703845059,0.7856949803306761
59,Share the document with the marketing team with view-only access.,Share the document with the marketing team.,2,part_dropped,0.0031767201151941945,0.004435580557312467,0.9864877446485641,0.9968232798848058,0.004435580557312467,0.9968232798848058
59,Share the document with the marketing team with view-only access.,Share the document with the marketing team with full edit access.,3,scope,0.005230035308432471,0.9882716671472315,0.010905588102592552,0.9947699646915675,0.9882716671472315,0.9947699646915675
59,Share the document with the marketing team with view-only access.,Revoke the marketing team's access to the document.,4,different_task,0.017154271434498262,0.8070705362565236,0.28545066315574336,0.9828457285655018,0.8070705362565236,0.9828457285655018
59,Share the document with the marketing team with view-only access.,Explain how tides are caused by the moon.,5,unrelated,0.0009183853188281647,0.6596983908654137,0.0007541118525077068,0.9990816146811718,0.6596983908654137,0.9992458881474923
60,Cancel my subscription to the streaming service and confirm by email.,Cancel my subscription to the streaming service and confirm by email.,0,identical,0.9904159411684607,0.0014795821225256107,0.9904159411684607,0.009584058831539344,0.0014795821225256107,0.009584058831539344
60,Cancel my subscription to the streaming service and confirm by email.,Terminate my membership with the video platform and send me an email confirming it.,1,paraphrase,0.9541675724672144,0.0018415951451322885,0.9581970185280729,0.0458324275327856,0.0018415951451322885,0.0458324275327856
60,Cancel my subscription to the streaming service and confirm by email.,Cancel my subscription to the streaming service.,2,part_dropped,0.002406930812151788,0.002804517564382627,0.9900198730677331,0.9975930691878482,0.002804517564382627,0.9975930691878482
60,Cancel my subscription to the streaming service and confirm by email.,Upgrade my subscription to the streaming service and confirm by text message.,3,entity,0.0009794957243210401,0.9975654483722081,0.0016221680259985395,0.999020504275679,0.9975654483722081,0.999020504275679
60,Cancel my subscription to the streaming service and confirm by email.,Find a cheaper alternative to my streaming service.,4,different_task,0.0012417976977448283,0.785847528454081,0.02378149840884736,0.9987582023022552,0.785847528454081,0.9987582023022552
60,Cancel my subscription to the streaming service and confirm by email.,What should I pack for a week at the beach?,5,unrelated,0.0002388944985431228,0.9869179627100633,0.00026513290707457345,0.9997611055014569,0.9869179627100633,0.9997611055014569
