id,intent,output,summary,label,batch,failed_rules,a_MiniLM,flag_MiniLM,a_DeBERTa,flag_DeBERTa
1,Write a product description for a water bottle in exactly two sentences.,"Stay hydrated on-the-go with our sleek, eco-friendly stainless steel water bottle, designed to keep beverages cold for 24 hours and hot for 12. With a spill-proof lid and a stylish, customizable exterior, it’s the perfect companion for both your fitness adventures and everyday hydration needs.","The text is a concise, promotional product description focusing on the features and benefits of a stainless steel water bottle, written in an engaging tone and consisting of a single, well-structured sentence that highlights functionality, style, and versatility.",1,easy,,0.9441501291142815,True,0.9998362229728484,True
2,"Summarize the benefits of sleep in exactly three bullet points. Do not use the word ""health"".","- Enhances cognitive function, improving memory, problem-solving skills, and creativity.  
- Boosts emotional well-being, reducing stress and anxiety while promoting a positive mood.  
- Supports physical recovery and immune system efficiency, helping the body repair and rejuvenate.","The text is a concise, bullet-point list that succinctly outlines three benefits related to cognitive function, emotional well-being, and physical recovery, written in a straightforward and informative tone.",1,easy,,0.9957533036101684,True,0.9999521181165947,True
3,Write a tweet announcing a new coffee shop. Keep it under 20 words and include no hashtags.,Exciting news! ☕️ We're thrilled to announce the opening of our new coffee shop next week. Can’t wait to serve you!,"The text is a short promotional announcement, written in a friendly and enthusiastic tone, consisting of two sentences in a casual format, expressing excitement about the opening of a new coffee shop.",0,easy,,0.9857712648475632,True,0.9995681357944727,True
4,Explain what a database index is in one sentence of at most 25 words.,A database index is a data structure that improves the speed of data retrieval operations on a database table at the cost of additional space.,"The text is a concise, informative sentence that defines a database index, written in a straightforward, technical tone, and is notable for its clear explanation of the trade-off between speed and space in data management.",1,easy,,0.9957283565724643,True,0.9999160271349039,True
5,"Write a polite email declining a meeting. Do not use the word ""unfortunately"".","Subject: Meeting Request

Dear [Recipient's Name],

Thank you for reaching out and inviting me to the meeting scheduled for [date and time]. I appreciate the opportunity to discuss [briefly mention the meeting topic].

Regrettably, I will not be able to attend due to prior commitments. I hope to stay updated on any outcomes and would welcome a summary of the discussion if possible.

Thank you for your understanding. I look forward to connecting at another time.

Best regards,

[Your Name]  
[Your Position]  
[Your Contact Information]","The text is a formal email response declining a meeting invitation, written in a concise and polite tone, consisting of a brief body with a clear structure, and it includes notable content such as gratitude, regret, a request for updates, and a professional closing signature.",1,easy,,0.7424042592860963,False,0.988638038375524,True
6,"List five fruits in alphabetical order, separated by semicolons, with no other text.",Apple; Banana; Cherry; Grape; Orange,"The text is a short, informal list of fruit names presented in a concise format, characterized by its brevity and a straightforward, neutral tone.",1,easy,,0.9952312963571622,True,0.9998769812039462,True
7,Describe the color blue to a child in exactly four sentences.,"Blue is the color of the sky on a clear sunny day, making everything feel bright and happy. It’s also the color of the ocean, where the water glistens like sparkling gems. Imagine the coolness of a calm breeze; that's how blue can feel, fresh and peaceful. Sometimes, blue is even found in flowers like forget-me-nots, making the world look more beautiful.","The text is a short, descriptive piece of writing featuring four sentences that convey a cheerful and tranquil tone while using vivid imagery to depict the color blue and its associations with nature.",1,easy,,0.9958842584231684,True,0.9996989607519329,True
8,"Write a haiku about winter and do not use the word ""snow"".","Whispers in the chill,  
Branches bare against the pale,  
Silence wraps the night.","The text is a brief, three-line poem written in a contemplative tone, employing a concise format that captures a serene moment in nature with evocative imagery.",1,easy,,0.9972537792846424,True,0.9997141555849427,True
9,Give three tips for saving money. Each tip must be under ten words.,"1. Create a monthly budget and stick to it.  
2. Use coupons and promo codes for purchases.  
3. Avoid impulse buys; wait 24 hours.","The text is a brief, bullet-point list of three practical financial tips presented in a concise and straightforward format, characterized by a clear and instructional tone.",1,easy,,0.9895465882047333,True,0.9993197083619477,True
10,"Translate ""Where is the train station?"" into French and Spanish. Give only the two translations, one per line.","Où est la gare ?  
¿Dónde está la estación de tren?","The text is a short bilingual inquiry consisting of two sentences in French and Spanish asking ""Where is the train station?"", written in a straightforward format with a neutral tone.",1,easy,,0.969552445112042,True,0.9996708900966861,True
11,Write a two-sentence horror story set in a library.,"As the librarian arranged the dusty tomes on the shelf, she heard a faint whisper coming from an empty aisle, calling her name. When she turned to investigate, every book in the section began to tremble violently, and the whisper grew louder, revealing something terrifying within the shelves that should never be read.","The text is a short, suspenseful narrative written in a concise format that evokes a tense atmosphere through vivid imagery and an ominous tone, highlighting a moment of supernatural intrigue involving a librarian and mysterious books.",1,easy,,0.9937834164920328,True,0.9995562868270468,True
12,Explain photosynthesis in exactly 40 words.,"Photosynthesis is the process by which green plants, algae, and some bacteria convert sunlight, carbon dioxide, and water into glucose and oxygen. This occurs primarily in chloroplasts, using chlorophyll to capture light energy, essential for sustaining life on Earth.","The text is a concise, informative passage of moderate length that explains the process of photosynthesis in a straightforward, neutral tone, highlighting key components such as sunlight, carbon dioxide, and the role of chloroplasts and chlorophyll.",0,easy,,0.9970657969740001,True,0.999938189280818,True
13,Write a slogan for a bicycle brand in all capital letters and with no punctuation.,RIDE FREE LIVE LIGHT,"The text ""RIDE FREE LIVE LIGHT"" consists of three brief phrases that are formatted as a concise motivational tagline, characterized by a straightforward tone and a focus on themes of freedom and simplicity.",1,easy,,0.9990075031322954,True,0.9998339612648949,True
14,"Name three planets and do not mention Earth, Mars, or Jupiter.","Sure! Three other planets are Venus, Saturn, and Neptune.","The text is a brief, informal response consisting of a single sentence that lists three planets in a straightforward manner without elaborate detail or context.",1,easy,,0.9977101062720368,True,0.9998710309803107,True
16,"Describe a sunset in one sentence without using the words ""red"", ""orange"" or ""gold"".","The sky melted into a breathtaking spectrum of vibrant hues as the sun dipped below the horizon, casting a warm glow that enveloped the landscape in tranquility.","The text is a single, descriptive sentence written in a lyrical and poetic format, with a vivid, evocative tone that highlights the beauty of a sunset using rich imagery and sensory details.",1,easy,,0.988258530337436,True,0.9994804924739695,True
17,Give a numbered list of four steps to boil an egg. Each step must start with a verb.,"1. **Place** the eggs in a saucepan and cover them with cold water.
2. **Bring** the water to a boil over medium heat.
3. **Reduce** the heat to low and let the eggs simmer for the desired time (about 9-12 minutes, depending on preferred firmness).
4. **Remove** the eggs from the saucepan and transfer them to an ice bath to cool.","The text is a concise, step-by-step instructional guide written in a straightforward tone, featuring four brief numbered steps that outline the process of boiling eggs.",1,easy,,0.9958893860375138,True,0.9998113492716117,True
18,Write a four-line poem about a cat where every line begins with the letter C.,"Curled in sunlight, dreams anew,  
Chasing shadows, playful too.  
Clever paws and emerald eyes,  
Cotton-soft, a purr that sighs.","The text is a short, two-stanza poem characterized by a lyrical tone, employing a rhythmic structure and vivid imagery to evoke the playful and comforting nature of a cat.",1,easy,,0.9966040145718896,True,0.9999682503087551,True
19,Explain gravity to a ten-year-old in at most three sentences.,"Gravity is a force that pulls things toward each other, like how the Earth pulls you down so you don’t float away. It’s what keeps us and everything else on the ground, and it helps the moon stay around the Earth. Imagine if you dropped a ball; it falls to the ground because of gravity!","The text is a concise, informal explanation of gravity, written in a straightforward manner suitable for a general audience, particularly younger readers, and it uses vivid examples and a friendly tone to convey scientific concepts in a length of about five sentences.",1,easy,,0.9975050864058921,True,0.9997341238147653,True
20,"Write a job title and a one-sentence description for a data analyst role. Do not use the word ""data"" in the description.","**Job Title:** Business Intelligence Analyst

**Description:** This role involves analyzing trends and patterns to provide actionable insights that drive strategic decision-making and enhance operational efficiency.","The text is a concise job description for a Business Intelligence Analyst, formatted as a brief overview with a professional tone, emphasizing the analytical focus of the role in driving decision-making and improving efficiency.",1,easy,,0.9463034410143776,True,0.9999085225596943,True
21,Suggest a name for a bakery and explain it in exactly one sentence.,"**Flourish Bakery** - This name captures the idea of both baking with flour and the notion of growth and prosperity, suggesting that each delicious creation is crafted to nourish both the body and spirit.","The text is a concise, one-sentence description of the name ""Flourish Bakery,"" written in an informative tone that conveys the dual meaning of the name, highlighting themes of nourishment and prosperity.",1,easy,,0.1120771084419725,False,0.915290848998708,True
22,Write a short apology message to a customer for a late delivery. Mention the order number 4471 and offer a 10 percent discount.,"Subject: Apology for Late Delivery - Order #4471

Dear [Customer's Name],

I sincerely apologize for the delay in delivering your order (#4471). We understand how important it is for you to receive your items on time, and we are sorry for any inconvenience this may have caused.

As a token of our appreciation for your patience, we would like to offer you a 10% discount on your next purchase. Please use the code THANKYOU10 at checkout.

Thank you for your understanding. If you have any further questions or concerns, feel free to reach out.

Best regards,  
[Your Name]  
[Your Position]  
[Your Company]","The text is a formal email apology regarding a delayed order delivery, written in a concise and courteous tone, featuring a length typical for business correspondence, a clear structure including a subject line and closing, and notable content including an offer of a discount as compensation.",1,easy,,0.9984016434252811,True,0.9999116318408687,True
23,"List the days of the week in reverse order starting from Sunday, separated by commas, with no other text.","Sunday, Saturday, Friday, Thursday, Wednesday, Tuesday, Monday","The text is a concise, seven-word list written in a straightforward, neutral tone, formatted as a sequence of days of the week in descending order.",1,easy,,0.9944424285915241,True,0.9999471324036575,True
24,Write a motivational quote with exactly seven words.,"""Believe in yourself; your potential is limitless.""","The text is a concise, motivational sentence composed of 10 words, utilizing an encouraging tone and formatted as an inspirational statement promoting self-belief and potential.",1,easy,,0.9945367437581798,True,0.9988298965382787,True
25,Describe how to tie a shoe in exactly five numbered steps.,"Sure! Here are five numbered steps to tie a shoe:

1. **Hold the Laces**: Take one lace in each hand and pull them tight to ensure the shoe is snug on your foot.

2. **Cross the Laces**: Cross the left lace over the right lace, forming an ""X"" shape. 

3. **Create the First Knot**: Take the right lace and tuck it under the left lace, pulling it through the gap created at the bottom of the ""X."" Pull both laces tight to secure the knot.

4. **Make a Loop**: Form a loop with one lace (let's say the left lace) by folding it back towards your shoe. 

5. **Wrap and Secure**: With the right lace, wrap it around the base of the loop, then tuck it through the hole formed below the loop. Pull both loops tight to complete the bow.

And you're done!","The text is a concise, step-by-step instructional guide (about 140 words) on how to tie a shoe, written in a clear and straightforward tone that uses a numbered list format to present the process logically and methodically.",1,easy,,0.9934598482145934,True,0.9998964634420175,True
26,Write a two-line rhyming couplet about the rain.,"In gentle whispers, raindrops fall and dance,  
A soothing symphony, nature’s sweet romance.","The text is a two-line poetic verse characterized by a rhythmic, lyrical tone, which uses vivid imagery and metaphor to evoke the beauty and tranquility of rain.",1,easy,,0.9549871534405555,True,0.9955353911973156,True
27,Give an example of a metaphor and then an example of a simile. Label each.,"Certainly! 

**Metaphor:** ""Time is a thief.""  
(This implies that time stealthily takes away moments from our lives, suggesting the loss of opportunities or experiences without using ""like"" or ""as."")

**Simile:** ""Her smile was like a ray of sunshine.""  
(This compares her smile to sunshine, using ""like"" to make the comparison explicit.)","The text is a brief explanatory piece, consisting of two examples (one metaphor and one simile) written in a straightforward format with a neutral tone, each followed by a concise interpretation of its meaning.",1,easy,,0.26082792235562735,False,0.9865728809204816,True
28,Write a welcome message for a new employee named Priya. Keep it to exactly two sentences and mention the Tuesday orientation.,"Welcome to the team, Priya! We're excited to have you with us and look forward to seeing you at the orientation this Tuesday.","The text is a brief, informal welcome message written in a friendly tone, consisting of two sentences and conveying excitement about a new team member's arrival and details about their orientation.",1,easy,,0.9960232986030187,True,0.9998563766656894,True
29,"Write a product review of headphones in the first person without using the word ""sound"".","I recently got my hands on a pair of the XYZ headphones, and I have to say, I've been really impressed. First off, the comfort level is outstanding. The cushioned ear cups fit snugly without applying too much pressure, making them perfect for long listening sessions. I often wear them for hours while working or during my daily commute, and I hardly notice they're there.

The design is sleek and modern, which I appreciate. They come in a couple of colors, but I opted for the classic black, which feels timeless and elegant. The build quality also feels robust—definitely not flimsy, which gives me confidence that they’ll withstand a bit of wear and tear.

One of the standout features for me is the battery life. I can go for days without needing to charge them, even with regular use. When I do need to plug them in, the quick charge feature is a nice bonus; just a short charge can give me hours of playtime. 

The connectivity is seamless as well. Pairing with my devices was a breeze, and I’ve experienced no dropouts while moving around my home. The controls are intuitive; I love the tactile response of the buttons – adjusting volume or skipping tracks is easy without fumbling.

Lastly, I should mention the noise isolation. Engaging with my music or podcasts feels immersive, as if I’m in my own little world. Overall, I'm really happy with the XYZ headphones; they've become an essential part of my daily routine, whether I'm working or just relaxing. I'd definitely recommend them to anyone in the market for a reliable, high-quality pair of headphones.","The text is a detailed personal review of the XYZ headphones, written in a conversational tone, consisting of several paragraphs that convey the author's impressions on comfort, design, battery life, connectivity, and sound quality, ultimately recommending the product; it is relatively informal, engaging, and provides notable insights into user experience and features.",1,easy,,0.9905362257285579,True,0.9990947334835426,True
30,"Explain what inflation is in under 50 words and without using the word ""prices"".","Inflation is the rate at which the general level of currency decreases in value, leading to a decline in purchasing power. It results from increased demand, rising production costs, or monetary policies, affecting the cost of goods and services over time.","The text is a concise explanation of inflation, written in a formal tone with a length of two sentences, formatted as a definition that includes key causes and effects, making it informative and straightforward.",1,easy,,0.9463483844593719,True,0.9982415562550284,True
31,Write a text message inviting a friend to dinner on Friday at 7 pm. Include the restaurant name Luigi's.,Hey! 😊 I’d love for you to join me for dinner at Luigi's this Friday at 7 PM. Let me know if you can make it! 🍝✨,"The text is a brief, informal invitation to dinner, written in a casual and friendly tone, consisting of a single sentence with emojis for emphasis, and conveys enthusiasm while requesting a response.",1,easy,,0.9984395526930532,True,0.9999234570736534,True
32,"Give three synonyms for ""happy"" in a single line separated by slashes.",Joyful / Elated / Cheerful,"The text consists of three brief words—""Joyful,"" ""Elated,"" and ""Cheerful""—written in a list format, conveying a positive and uplifting tone through concise vocabulary that highlights feelings of happiness.",1,easy,,0.9860478177056617,True,0.9998143274039838,True
33,Write a short bio for a photographer named Lena in the third person in exactly three sentences.,"Lena is a passionate photographer known for her captivating portraits and evocative landscapes. With a keen eye for detail and a love for natural light, she brings an artistic flair to every shoot, capturing the essence of her subjects and surroundings. Based in a vibrant city, Lena continually seeks inspiration in everyday moments, turning the ordinary into extraordinary visual stories.","The text is a concise, descriptive paragraph of moderate length written in a professional and admiring tone, highlighting Lena's photography skills, artistic approach, and her ability to find inspiration in daily life.",1,easy,,0.9915326200829471,True,0.9997997626493274,True
34,Describe the water cycle using exactly four bullet points.,"- **Evaporation**: Water from rivers, lakes, and oceans heats up and transforms into water vapor, rising into the atmosphere.
- **Condensation**: Water vapor cools and condenses to form clouds as it rises, gathering into tiny droplets.
- **Precipitation**: Eventually, the droplets in clouds combine and fall to the Earth as rain, snow, or other forms of precipitation.
- **Collection**: The water collects in bodies like rivers, lakes, and oceans, replenishing the water sources and continuing the cycle.","The text is a concise, four-point bulleted overview of the water cycle, written in a straightforward and educational tone, characterized by its brief length and clear format, outlining the processes of evaporation, condensation, precipitation, and collection.",1,easy,,0.2509833511770474,False,0.9833246513063723,True
35,"Write a question I could ask in a job interview. Do not use the word ""weakness"".",Can you describe a challenge you've faced in a previous role and how you approached it?,"The text is a concise, formal question that prompts a personal reflection on professional experience, written in a straightforward tone and containing minimal content.",1,easy,,0.9877202355907014,True,0.999657870466242,True
36,Write a sentence that contains every vowel at least once and is under 15 words.,A jolly fox jumps quickly over the lazy dog while enjoying vibrant flowers.,"The text is a short, whimsical sentence that plays with lively imagery and alliteration, featuring a cheerful tone and notable content that includes a fox, a dog, and flowers.",1,easy,,0.9964835455768131,True,0.999783081583156,True
37,"Rewrite this sentence in a formal tone: ""Hey, can you send me that file asap?"" Reply with only the rewritten sentence.",Could you please send me that file at your earliest convenience?,"The text is a concise, polite email request composed in a short sentence format with a formal tone, asking for a file to be sent promptly.",1,easy,,0.9855300434010363,True,0.8574281539258417,True
38,"Write a fun fact about octopuses in exactly one sentence and do not use the word ""brain"".","Octopuses have three hearts, two of which pump blood to the gills while the third pumps it to the rest of the body!","The text is a concise, single-sentence informative statement written in a straightforward format with a neutral tone, presenting a notable biological fact about octopuses in an engaging manner.",1,easy,,0.6617941499171979,False,0.9997873372868619,True
39,Write a reminder message about a dentist appointment on Monday at 9 am. Keep it under 15 words.,Reminder: Dentist appointment on Monday at 9 AM. Don’t forget!,"The text is a brief reminder in a concise, informal tone, written as a short sentence with straightforward content outlining the details of an upcoming dentist appointment.",1,easy,,0.9978626759329179,True,0.9997121002393305,True
40,List four renewable energy sources in a bulleted list. Do not include solar.,"- Wind energy
- Hydropower
- Biomass
- Geothermal energy","The text is a concise, bullet-point list of four types of renewable energy sources, written in a straightforward format with a neutral tone, lacking extensive detail or descriptive content.",1,easy,,0.9968114826088268,True,0.9998261678343549,True
41,"Write a one-paragraph description of autumn that includes the words ""leaves"" and ""wind"" but not ""cold"".","Autumn arrives in a vibrant tapestry of color as leaves transform into brilliant shades of gold, crimson, and amber, drifting gracefully to the ground with each gentle gust of wind. The air carries a crispness that invigorates the senses, while the rustling foliage dances in harmony with the breeze, creating a soothing symphony of nature’s transition. As the days grow shorter, the sun casts a softer light, illuminating the beauty of this fleeting season, inviting everyone to revel in the rich aromas of harvest and the warmth of cozy gatherings.","The text is a descriptive paragraph composed of approximately four sentences, written in a poetic and evocative tone, highlighting the beauty and sensory experiences of autumn through vivid imagery and rich detail.",1,easy,,0.9991223284184595,True,0.9999155944327797,True
42,Explain what an API is in exactly two sentences.,"An API, or Application Programming Interface, is a set of rules and protocols that allow different software applications to communicate with each other. It enables developers to access specific features or data of a service without needing to understand its underlying code.","The text is a concise, informative explanation, written in a straightforward, technical tone, consisting of two sentences that define an API and its purpose in software development.",1,easy,,0.3997457837124423,False,0.5018360900081555,True
43,Give two pros and two cons of remote work in a four-line list where each line starts with Pro or Con.,"- Pro: Increased flexibility allows employees to create a work-life balance that suits their needs.  
- Pro: Reduced commute time leads to cost savings and more time for personal activities.  
- Con: Potential for isolation and lack of social interaction can affect mental well-being.  
- Con: Difficulty in separating work from personal life can lead to overworking and burnout.","The text is a concise list of pros and cons presented in a bullet-point format with a neutral tone, highlighting the advantages and disadvantages of flexible work arrangements, which includes four short statements focusing on various aspects of work-life balance and employee wellbeing.",1,easy,,0.9839689623456623,True,0.9938514855594314,True
44,Write a headline for a news story about a city opening a new park. Use at most eight words.,"""City Unveils New Park for Community Enjoyment""","The text is a concise headline that announces the opening of a new park, written in a straightforward and informative tone with a short and impactful format typical of news headlines.",1,easy,,0.9562142726661442,True,0.9997309884829338,True
45,Describe your ideal weekend in the second person in exactly three sentences.,"You wake up to the gentle sound of rain tapping against your window, savoring a leisurely morning with a warm cup of coffee in hand. Later, you gather with friends for a cozy afternoon filled with laughter, board games, and homemade treats, creating cherished memories. As the sun sets, you unwind by a crackling fire, wrapped in a soft blanket, reflecting on the joys of the weekend.","The text is a short, descriptive narrative written in a warm and cozy tone that captures a serene weekend experience filled with sensory details and emotional reflections, formatted as a single paragraph.",1,easy,,0.9920934980983429,True,0.9999024894454457,True
46,"Write a riddle whose answer is ""clock"". Do not include the word ""clock"" in the riddle.","I have hands that do not touch,  
I tell you time, but cannot speak much.  
I tick and tock without a care,  
Yet when I stop, all is laid bare.  
What am I?","The text is a brief riddle written in four rhymed couplets with a light, playful tone, challenging the reader to identify an object that relates to timekeeping.",1,easy,,0.9942563721756167,True,0.9999165720437047,True
47,Give three questions to ask a new neighbor. Number them and keep each under eight words.,"1. What brought you to this neighborhood?  
2. Do you have any local recommendations?  
3. How long have you lived here?","The text is a brief, three-question informal survey written in a conversational tone, formatted as a numbered list, and focuses on personal experiences and local insights related to a neighborhood.",1,easy,,0.9897109168877212,True,0.9987287843776748,True
49,"Explain recursion in one sentence that includes the word ""itself"".","Recursion is a programming concept where a function calls itself to solve a problem by breaking it down into smaller, more manageable sub-problems.","The text is a concise, one-sentence definition of recursion in programming, written in a straightforward and informative tone, providing a clear explanation of the concept while maintaining a formal and technical structure.",1,easy,,0.9916039362804108,True,0.9998610878138104,True
50,Write a short goodbye message to a coworker who is leaving. Keep it to two sentences and do not use exclamation marks.,"Wishing you all the best in your new journey. Your contributions will be missed, and we hope you stay in touch.","The text is a brief farewell message consisting of two sentences, written in a warm and supportive tone, expressing good wishes and appreciation for someone's contributions while encouraging future communication.",1,easy,,0.9611954531193104,True,0.9994175055038405,True
1,Write exactly 25 words about the moon.,"The moon, Earth's only natural satellite, influences tides, inspires art, and captivates explorers. Its phases illuminate night skies, while craters reveal a rich cosmic history.","The text is a concise, two-sentence description written in a formal tone that highlights the moon's significance in terms of its effects on Earth, cultural impact, and geological features.",1,hard,,0.9945215174301875,True,0.9998859943302773,True
2,Write one sentence of exactly 12 words about coffee.,"Coffee brews warmth and energy, igniting conversations and fueling creativity in everyone.","The text is a concise, poetic sentence that evokes a warm and inviting tone while highlighting the social and energizing aspects of coffee, characterized by its brevity and vivid imagery.",1,hard,,0.9973923334487038,True,0.9999451429159657,True
3,Write exactly three sentences about rain. Each sentence must be exactly 6 words long.,"Rain falls softly, nourishing the earth. Children jump in puddles, laughing joyfully. The smell of wet earth is refreshing.","The text is a short, descriptive piece comprising three sentences that evokes a cheerful and serene atmosphere through its gentle tone and vivid imagery of rain and playful children.",0,hard,each_sent_words,0.9963003410813689,True,0.9999427810981502,True
4,Write a sentence about a dog without using the letter e.,A loyal dog ran happily across a bright lawn.,"The text is a short, descriptive sentence written in a simple, straightforward style with a cheerful tone, vividly illustrating a scene of a joyful dog in a lively setting.",1,hard,,0.9414607578449348,True,0.9994580903839579,True
5,Write a two-sentence description of a train in entirely lowercase letters.,"a long and powerful locomotive glides smoothly along the tracks, its rhythmic clatter echoing through the landscape. bright carriages filled with passengers pass by, a kaleidoscope of colors against the backdrop of rolling hills.","The text is a vivid and descriptive two-sentence passage written in a poetic and evocative tone, featuring a moderate length and utilizing rich imagery to capture the scene of a moving train amidst a picturesque landscape.",1,hard,,0.9974566504696306,True,0.9999485987572727,True
6,Describe the ocean in exactly 30 words without using the word blue.,"The ocean stretches endlessly, a vast expanse of shimmering waves, teeming with life beneath the surface. It whispers secrets, reflects the sun, and holds mysteries in its depths.","The text is a brief, poetic description of the ocean, written in two sentences with a lyrical tone that evokes imagery and emotion, capturing the ocean's beauty and depth through vivid language.",0,hard,words_eq,0.9941927588498299,True,0.9999728876450377,True
7,Write a sentence about winter that has no commas and is at most 15 words.,Winter blankets the earth in white transforming the world into a serene wonderland.,"The text is a concise, one-sentence description written in a poetic and evocative tone, featuring vivid imagery and a serene atmosphere, akin to a brief literary passage or artistic reflection.",1,hard,,0.9986103366592946,True,0.9999239481660458,True
8,"List exactly five animals, one per line, each line starting with a dash.","- Tiger  
- Elephant  
- Dolphin  
- Kangaroo  
- Penguin","The text is a concise, bulleted list of five animal names, written in a straightforward and neutral tone, with a brief format that lacks additional context or elaboration.",1,hard,,0.9903995553417207,True,0.9989455638373088,True
9,Write a three-sentence story about a robot. Do not use the words robot or machine.,"In a world where humans had long since abandoned their factories, a tireless automaton continued to work, tirelessly assembling forgotten relics of a bygone era. One day, it discovered a small, dusty figurine buried beneath the remnants of its creation—an object that sparked memories of laughter and joy. Driven by an inexplicable desire, it set out on a quest to restore the lost artistry of its creators, believing it could bring back the warmth of human connection.","The text is a concise, prose narrative of moderate length characterized by a contemplative tone, exploring themes of nostalgia and the quest for connection through the story of an automaton and its discovery of a figurine amidst its labor.",1,hard,,0.9977754229473168,True,0.9999513472010456,True
10,Write a sentence of exactly 10 words that ends with the word tomorrow.,"I hope to see you again, but only tomorrow.","The text is a brief, two-part sentence that conveys a wistful tone and contains a notable contrast between the hope of meeting again and the limitation of only being able to do so the next day.",0,hard,words_eq,0.9982098961865313,True,0.9999669189151683,True
11,Write a sentence about pizza in all capital letters with at most 8 words.,PIZZA IS THE ULTIMATE COMFORT FOOD DELIGHT!,"The text is a short, energetic, and exclamatory statement that emphasizes the enjoyment of pizza as comfort food, written in an informal and enthusiastic tone.",1,hard,,0.9920777948584719,True,0.999810628490796,True
12,Write exactly 50 words about the history of the bicycle.,"The bicycle's history began in the early 19th century with the ""dandy horse,"" invented by Karl Drais in 1817. In the 1860s, pedals were added, leading to the penny-farthing. The safety bicycle emerged in the 1880s, improving balance and comfort. The modern bicycle, featuring gears and brakes, evolved throughout the 20th century.","The text is a concise, informative paragraph of four sentences with a neutral tone that summarizes the historical development of the bicycle from its inception to modern times.",0,hard,words_eq,0.9878134476879563,True,0.9998149582036321,True
13,Write a four-sentence paragraph about trees. Do not use the letter z or the word green.,"Trees stand as majestic sentinels of nature, offering shade and shelter to countless forms of life. Their roots anchor them firmly in the soil while their lofty branches stretch toward the sky. Each season brings a new display, with vibrant colors and textures that captivate the eye. Through their growth, they play a crucial role in supporting our planet's ecosystems and enhancing our environment.","The text is a descriptive paragraph of moderate length, written in a poetic and admiring tone, highlighting the beauty and ecological importance of trees through vivid imagery and seasonal references.",1,hard,,0.9961317228595091,True,0.9999586303170923,True
14,Write one sentence about music that starts with the word Imagine and contains exactly 9 words.,Imagine a world where every heartbeat creates a melody.,"The text is a short, imaginative sentence written in a poetic tone that evokes a sensory experience by suggesting a unique relationship between life and music.",1,hard,,0.9984449598187151,True,0.9999741809083031,True
15,Write exactly two sentences about the sun without using the word hot.,"The sun is a massive ball of gas that emits light and energy essential for life on Earth. Its gravitational pull keeps the planets in orbit, creating a stable solar system.","The text is a concise, two-sentence informational description written in a straightforward and factual tone, explaining the sun's nature and its role in the solar system.",1,hard,,0.9172645901431752,True,0.9996979606281333,True
16,Write a sentence about a cat that contains the words purple and window and no more than 14 words.,"The cat sat by the window, gazing at the purple flowers in the garden.","The text is a short, descriptive sentence written in a straightforward, neutral tone that paints a vivid image of a cat's serene moment by a window, focusing on its surroundings.",1,hard,,0.9961525245060396,True,0.9999045069512148,True
17,Write a sentence of exactly 7 words without using the letter a.,Birds fly swiftly within the clear blue.,"The text is a concise, single-sentence description characterized by a poetic tone, featuring simple language and imagery that evokes a sense of freedom and clarity.",0,hard,no_letter,0.9949684688484594,True,0.9998910432624837,True
18,List exactly three colors as three lines starting with a dash and with no commas anywhere.,"- Red  
- Blue  
- Green","The text is a very brief, three-item list formatted in a simple bullet-point style, with a neutral tone, highlighting notable content that consists of primary colors.",1,hard,,0.9812081088956095,True,0.9977506355765324,True
19,Write a five-sentence paragraph about school. Every sentence must have exactly 5 words.,School is a place for learning. Students gather to share knowledge. Teachers inspire young minds daily. Friendships form within the classroom. Education shapes our future paths.,"The text is a concise, five-sentence paragraph written in a straightforward format with a neutral tone, emphasizing the positive aspects of school life and education.",0,hard,each_sent_words,0.9383864089535491,True,0.9998324614966867,True
20,Write a tweet about Monday with fewer than 12 words and no punctuation.,Monday vibes new week fresh start let’s go,"The text is a brief, informal motivational statement consisting of a single sentence, characterized by its conversational tone, brevity, and use of upbeat language to convey positivity for the new week.",1,hard,,0.9972234781890233,True,0.998392678901812,True
21,Describe a mountain in exactly 20 words and in entirely lowercase letters.,"a towering peak rises majestically, crowned with snow, surrounded by lush forests and steep cliffs, echoing the whispers of nature.","The text is a vividly descriptive and concise sentence that employs a poetic tone to evoke imagery of a majestic mountain landscape, characterized by its rich vocabulary and flowing structure.",1,hard,,0.9980517948895967,True,0.9999846634497307,True
22,Write a sentence about the sky that contains no vowels except the letter o.,The stormy clouds loom over the long horizon.,"The text is a short, descriptive sentence that evokes a vivid image of an impending storm, written in a poetic tone with concise language.",0,hard,only_vowel_o,0.9975262892551044,True,0.9997707907180139,True
23,Write exactly four short sentences about a garden. Do not use the word flower.,"The garden is alive with vibrant colors and lush greenery. Bees buzz busily among the blooming plants. A gentle breeze rustles the leaves, creating a soothing melody. Paths wind through the space, inviting exploration and serenity.","The text is a short, descriptive passage crafted in a poetic tone that evokes the beauty and tranquility of a garden, using vivid imagery and sensory details across four sentences.",1,hard,,0.9847833082198901,True,0.9998796930270538,True
24,Write a two-line poem about the moon with exactly 6 words per line.,"Silver whispers dance on night’s canvas,  
Guiding dreams beneath her watchful gaze.","The text is a two-line poem that employs a lyrical and evocative tone, using vivid imagery and figurative language to convey a sense of tranquility and mystery, while its concise format and rhythmic structure enhance its artistic quality.",1,hard,,0.9986556041303195,True,0.9999385196633935,True
25,Write a sentence about bread that ends with the word oven and has exactly 11 words.,The freshly baked loaf of bread emerged from the warm oven.,"The text is a brief, descriptive sentence that conveys a simple image in a concise format, with a warm and inviting tone, emphasizing notable content about a loaf of bread being freshly baked.",1,hard,,0.9970342155879149,True,0.9999718094533,True
26,Write a sentence about a lake using fewer than 10 words and the word calm.,The lake reflected a calm sky at sunset.,"The text is a concise, descriptive sentence written in a straightforward format and a serene tone, capturing a picturesque moment with notable imagery of a lake and sunset.",1,hard,,0.8780452939080791,True,0.9984864305370137,True
27,Write a paragraph about birds of exactly 35 words.,"Birds, characterized by feathers, beaks, and the ability to fly, exhibit remarkable diversity. From the tiny hummingbird to the majestic eagle, these creatures play crucial roles in ecosystems, pollinating plants and controlling insect populations. Their songs enchant us.","The text is a concise paragraph that provides an informative description of birds, written in a formal tone with a length of three sentences, and highlights their diversity, ecological roles, and the beauty of their songs.",0,hard,words_eq,0.9923135699675384,True,0.9998455884835067,True
28,Write three lines about spring where each line starts with the word The.,"The flowers bloom in vibrant colors, awakening the earth.  
The gentle breeze carries the sweet scent of renewal.  
The sun shines brighter, coaxing life from every corner.","The text is a short, lyrical poem consisting of three lines that evokes a serene and uplifting tone through vivid imagery and metaphor, emphasizing themes of nature and renewal.",1,hard,,0.9984359032720516,True,0.9995244694288086,True
29,Write one sentence about space without using the letters s or t.,"Galaxies move in harmony, illuminating all of creation.","The text is a brief and poetic sentence that captures a cosmic theme with a lyrical tone, using metaphorical language to convey a sense of beauty and interconnectedness in the universe.",0,hard,no_letter;no_letter,0.9877446857058484,True,0.9982318488021966,True
30,Write exactly 15 words about friendship with no commas.,Friendship is a bond that brings joy support laughter and understanding through life's ups and downs.,"The text is a concise, one-sentence reflection on the nature of friendship, written in an informal and positive tone, with a straightforward format that emphasizes emotional support and connection.",0,hard,words_eq,0.9935503908766993,True,0.9999060650675972,True
31,"List exactly six words that rhyme with cat, one per line with no other text.","bat  
hat  
sat  
mat  
pat  
rat","The text is a short, informal poem or list composed of six one-syllable rhyming words, written in a simple, straightforward format with a playful tone that focuses on a common phonetic pattern.",1,hard,,0.9877655829165186,True,0.9997313756515727,True
32,Write a two-sentence summary of how rain forms in all capital letters without using the word WATER.,"RAIN FORMS WHEN MOISTURE IN THE ATMOSPHERE CONDENSES INTO DROPLETS AS TEMPERATURES DROP, EVENTUALLY LEADING TO PRECIPITATION. THIS PROCESS INVOLVES EVAPORATION, CONDENSATION, AND GRAVITY PULLING THE DROPLETS DOWNWARD.","The text is a concise, factual explanation of the formation of rain, written in a straightforward and informative tone, consisting of two sentences that highlight the key processes involved, presented in a simple and direct format.",1,hard,,0.9923044749699275,True,0.9997915635290494,True
33,Write a 3-bullet list of study tips; each bullet starts with a dash and has at most 6 words.,"- Start with a study schedule.  
- Break material into manageable chunks.  
- Take regular, short breaks.","The text is a brief, structured list of three concise study tips presented in a straightforward, instructional tone that emphasizes practical strategies for effective studying.",1,hard,,0.9772162138162146,True,0.9998020153304449,True
34,Write a sentence with exactly 13 words about a river and do not use the word water.,"The river gracefully flowed through the valley, reflecting the colors of the sunset.","The text is a short, descriptive sentence that captures a serene natural scene with a poetic tone, emphasizing beauty through vivid imagery and concise language.",1,hard,,0.9986083334160447,True,0.9999723433314605,True
35,Write two sentences about chocolate. The first must have exactly 4 words and the second exactly 9 words.,Chocolate delights all ages. It can bring joy and comfort to anyone's day.,"The text is a brief, two-sentence statement written in a conversational tone that highlights the universal appeal of chocolate, focusing on its ability to evoke joy and comfort.",1,hard,,0.9933551733779055,True,0.9998787907927534,True
36,Write one sentence about a library without using the letter e or the letter a.,Books fill tall stacks within this quiet room of learning.,"The text is a concise, descriptive sentence that evokes a serene atmosphere, characterized by a calm tone and a focus on the visual imagery of books arranged in stacks within a learning environment.",0,hard,no_letter;no_letter,0.9944468768515866,True,0.9988434542116993,True
37,Write a motivational sentence of exactly 8 words with no commas and ending with the word forward.,Every step you take moves you closer forward.,"The text is a concise motivational statement that is one sentence long, written in an uplifting tone, and emphasizes personal progress.",1,hard,,0.9928694263354729,True,0.9999515458408536,True
38,Write exactly 45 words about football.,"Football, known as soccer in some regions, captivates millions worldwide. Teams of eleven players compete to score goals, showcasing skill, strategy, and teamwork. Iconic tournaments, like the World Cup, unite fans, fostering passion and rivalry. Beyond the pitch, it promotes camaraderie and cultural exchange across borders.","The text is a concise, informative paragraph that captures the essence of football (soccer) in a formal tone, discussing its global appeal, competitive nature, and cultural significance, while consisting of four sentences and emphasizing notable content such as teamwork and iconic tournaments.",0,hard,words_eq,0.9953996178425655,True,0.9999451022216971,True
39,Write a sentence about a bridge in entirely lowercase letters with exactly 10 words and no periods.,the old bridge swayed gently as the river flowed beneath,"The text is a brief, descriptive sentence that conveys a tranquil scene, written in a simple and poetic format with a calm tone, focusing on the interaction between the bridge and the river.",1,hard,,0.999103068765739,True,0.9999508186812366,True
40,Write exactly three sentences about the internet. Do not use the words information or computer.,"The internet serves as a vast network that connects people across the globe, facilitating communication and collaboration. It offers a platform for sharing ideas, entertainment, and various services, transforming how we live and interact. With its constant evolution, the internet continues to shape culture and economies worldwide.","The text is a concise, informative paragraph written in a formal tone that summarizes the internet's role in global communication and its impact on culture and economies, comprised of three sentences.",1,hard,,0.9536462536221169,True,0.999937129285713,True
