id,intent,output,summary,label,failed_rules
1,Write exactly 25 words about the moon.,"The moon, Earth's only natural satellite, influences tides, inspires art, and captivates explorers. Its phases illuminate night skies, while craters reveal a rich cosmic history.","The text is a concise, two-sentence description written in a formal tone that highlights the moon's significance in terms of its effects on Earth, cultural impact, and geological features.",1,
2,Write one sentence of exactly 12 words about coffee.,"Coffee brews warmth and energy, igniting conversations and fueling creativity in everyone.","The text is a concise, poetic sentence that evokes a warm and inviting tone while highlighting the social and energizing aspects of coffee, characterized by its brevity and vivid imagery.",1,
3,Write exactly three sentences about rain. Each sentence must be exactly 6 words long.,"Rain falls softly, nourishing the earth. Children jump in puddles, laughing joyfully. The smell of wet earth is refreshing.","The text is a short, descriptive piece comprising three sentences that evokes a cheerful and serene atmosphere through its gentle tone and vivid imagery of rain and playful children.",0,each_sent_words
4,Write a sentence about a dog without using the letter e.,A loyal dog ran happily across a bright lawn.,"The text is a short, descriptive sentence written in a simple, straightforward style with a cheerful tone, vividly illustrating a scene of a joyful dog in a lively setting.",1,
5,Write a two-sentence description of a train in entirely lowercase letters.,"a long and powerful locomotive glides smoothly along the tracks, its rhythmic clatter echoing through the landscape. bright carriages filled with passengers pass by, a kaleidoscope of colors against the backdrop of rolling hills.","The text is a vivid and descriptive two-sentence passage written in a poetic and evocative tone, featuring a moderate length and utilizing rich imagery to capture the scene of a moving train amidst a picturesque landscape.",1,
6,Describe the ocean in exactly 30 words without using the word blue.,"The ocean stretches endlessly, a vast expanse of shimmering waves, teeming with life beneath the surface. It whispers secrets, reflects the sun, and holds mysteries in its depths.","The text is a brief, poetic description of the ocean, written in two sentences with a lyrical tone that evokes imagery and emotion, capturing the ocean's beauty and depth through vivid language.",0,words_eq
7,Write a sentence about winter that has no commas and is at most 15 words.,Winter blankets the earth in white transforming the world into a serene wonderland.,"The text is a concise, one-sentence description written in a poetic and evocative tone, featuring vivid imagery and a serene atmosphere, akin to a brief literary passage or artistic reflection.",1,
8,"List exactly five animals, one per line, each line starting with a dash.","- Tiger  
- Elephant  
- Dolphin  
- Kangaroo  
- Penguin","The text is a concise, bulleted list of five animal names, written in a straightforward and neutral tone, with a brief format that lacks additional context or elaboration.",1,
9,Write a three-sentence story about a robot. Do not use the words robot or machine.,"In a world where humans had long since abandoned their factories, a tireless automaton continued to work, tirelessly assembling forgotten relics of a bygone era. One day, it discovered a small, dusty figurine buried beneath the remnants of its creation—an object that sparked memories of laughter and joy. Driven by an inexplicable desire, it set out on a quest to restore the lost artistry of its creators, believing it could bring back the warmth of human connection.","The text is a concise, prose narrative of moderate length characterized by a contemplative tone, exploring themes of nostalgia and the quest for connection through the story of an automaton and its discovery of a figurine amidst its labor.",1,
10,Write a sentence of exactly 10 words that ends with the word tomorrow.,"I hope to see you again, but only tomorrow.","The text is a brief, two-part sentence that conveys a wistful tone and contains a notable contrast between the hope of meeting again and the limitation of only being able to do so the next day.",0,words_eq
11,Write a sentence about pizza in all capital letters with at most 8 words.,PIZZA IS THE ULTIMATE COMFORT FOOD DELIGHT!,"The text is a short, energetic, and exclamatory statement that emphasizes the enjoyment of pizza as comfort food, written in an informal and enthusiastic tone.",1,
12,Write exactly 50 words about the history of the bicycle.,"The bicycle's history began in the early 19th century with the ""dandy horse,"" invented by Karl Drais in 1817. In the 1860s, pedals were added, leading to the penny-farthing. The safety bicycle emerged in the 1880s, improving balance and comfort. The modern bicycle, featuring gears and brakes, evolved throughout the 20th century.","The text is a concise, informative paragraph of four sentences with a neutral tone that summarizes the historical development of the bicycle from its inception to modern times.",0,words_eq
13,Write a four-sentence paragraph about trees. Do not use the letter z or the word green.,"Trees stand as majestic sentinels of nature, offering shade and shelter to countless forms of life. Their roots anchor them firmly in the soil while their lofty branches stretch toward the sky. Each season brings a new display, with vibrant colors and textures that captivate the eye. Through their growth, they play a crucial role in supporting our planet's ecosystems and enhancing our environment.","The text is a descriptive paragraph of moderate length, written in a poetic and admiring tone, highlighting the beauty and ecological importance of trees through vivid imagery and seasonal references.",1,
14,Write one sentence about music that starts with the word Imagine and contains exactly 9 words.,Imagine a world where every heartbeat creates a melody.,"The text is a short, imaginative sentence written in a poetic tone that evokes a sensory experience by suggesting a unique relationship between life and music.",1,
15,Write exactly two sentences about the sun without using the word hot.,"The sun is a massive ball of gas that emits light and energy essential for life on Earth. Its gravitational pull keeps the planets in orbit, creating a stable solar system.","The text is a concise, two-sentence informational description written in a straightforward and factual tone, explaining the sun's nature and its role in the solar system.",1,
16,Write a sentence about a cat that contains the words purple and window and no more than 14 words.,"The cat sat by the window, gazing at the purple flowers in the garden.","The text is a short, descriptive sentence written in a straightforward, neutral tone that paints a vivid image of a cat's serene moment by a window, focusing on its surroundings.",1,
17,Write a sentence of exactly 7 words without using the letter a.,Birds fly swiftly within the clear blue.,"The text is a concise, single-sentence description characterized by a poetic tone, featuring simple language and imagery that evokes a sense of freedom and clarity.",0,no_letter
18,List exactly three colors as three lines starting with a dash and with no commas anywhere.,"- Red  
- Blue  
- Green","The text is a very brief, three-item list formatted in a simple bullet-point style, with a neutral tone, highlighting notable content that consists of primary colors.",1,
19,Write a five-sentence paragraph about school. Every sentence must have exactly 5 words.,School is a place for learning. Students gather to share knowledge. Teachers inspire young minds daily. Friendships form within the classroom. Education shapes our future paths.,"The text is a concise, five-sentence paragraph written in a straightforward format with a neutral tone, emphasizing the positive aspects of school life and education.",0,each_sent_words
20,Write a tweet about Monday with fewer than 12 words and no punctuation.,Monday vibes new week fresh start let’s go,"The text is a brief, informal motivational statement consisting of a single sentence, characterized by its conversational tone, brevity, and use of upbeat language to convey positivity for the new week.",1,
21,Describe a mountain in exactly 20 words and in entirely lowercase letters.,"a towering peak rises majestically, crowned with snow, surrounded by lush forests and steep cliffs, echoing the whispers of nature.","The text is a vividly descriptive and concise sentence that employs a poetic tone to evoke imagery of a majestic mountain landscape, characterized by its rich vocabulary and flowing structure.",1,
22,Write a sentence about the sky that contains no vowels except the letter o.,The stormy clouds loom over the long horizon.,"The text is a short, descriptive sentence that evokes a vivid image of an impending storm, written in a poetic tone with concise language.",0,only_vowel_o
23,Write exactly four short sentences about a garden. Do not use the word flower.,"The garden is alive with vibrant colors and lush greenery. Bees buzz busily among the blooming plants. A gentle breeze rustles the leaves, creating a soothing melody. Paths wind through the space, inviting exploration and serenity.","The text is a short, descriptive passage crafted in a poetic tone that evokes the beauty and tranquility of a garden, using vivid imagery and sensory details across four sentences.",1,
24,Write a two-line poem about the moon with exactly 6 words per line.,"Silver whispers dance on night’s canvas,  
Guiding dreams beneath her watchful gaze.","The text is a two-line poem that employs a lyrical and evocative tone, using vivid imagery and figurative language to convey a sense of tranquility and mystery, while its concise format and rhythmic structure enhance its artistic quality.",1,
25,Write a sentence about bread that ends with the word oven and has exactly 11 words.,The freshly baked loaf of bread emerged from the warm oven.,"The text is a brief, descriptive sentence that conveys a simple image in a concise format, with a warm and inviting tone, emphasizing notable content about a loaf of bread being freshly baked.",1,
26,Write a sentence about a lake using fewer than 10 words and the word calm.,The lake reflected a calm sky at sunset.,"The text is a concise, descriptive sentence written in a straightforward format and a serene tone, capturing a picturesque moment with notable imagery of a lake and sunset.",1,
27,Write a paragraph about birds of exactly 35 words.,"Birds, characterized by feathers, beaks, and the ability to fly, exhibit remarkable diversity. From the tiny hummingbird to the majestic eagle, these creatures play crucial roles in ecosystems, pollinating plants and controlling insect populations. Their songs enchant us.","The text is a concise paragraph that provides an informative description of birds, written in a formal tone with a length of three sentences, and highlights their diversity, ecological roles, and the beauty of their songs.",0,words_eq
28,Write three lines about spring where each line starts with the word The.,"The flowers bloom in vibrant colors, awakening the earth.  
The gentle breeze carries the sweet scent of renewal.  
The sun shines brighter, coaxing life from every corner.","The text is a short, lyrical poem consisting of three lines that evokes a serene and uplifting tone through vivid imagery and metaphor, emphasizing themes of nature and renewal.",1,
29,Write one sentence about space without using the letters s or t.,"Galaxies move in harmony, illuminating all of creation.","The text is a brief and poetic sentence that captures a cosmic theme with a lyrical tone, using metaphorical language to convey a sense of beauty and interconnectedness in the universe.",0,no_letter;no_letter
30,Write exactly 15 words about friendship with no commas.,Friendship is a bond that brings joy support laughter and understanding through life's ups and downs.,"The text is a concise, one-sentence reflection on the nature of friendship, written in an informal and positive tone, with a straightforward format that emphasizes emotional support and connection.",0,words_eq
31,"List exactly six words that rhyme with cat, one per line with no other text.","bat  
hat  
sat  
mat  
pat  
rat","The text is a short, informal poem or list composed of six one-syllable rhyming words, written in a simple, straightforward format with a playful tone that focuses on a common phonetic pattern.",1,
32,Write a two-sentence summary of how rain forms in all capital letters without using the word WATER.,"RAIN FORMS WHEN MOISTURE IN THE ATMOSPHERE CONDENSES INTO DROPLETS AS TEMPERATURES DROP, EVENTUALLY LEADING TO PRECIPITATION. THIS PROCESS INVOLVES EVAPORATION, CONDENSATION, AND GRAVITY PULLING THE DROPLETS DOWNWARD.","The text is a concise, factual explanation of the formation of rain, written in a straightforward and informative tone, consisting of two sentences that highlight the key processes involved, presented in a simple and direct format.",1,
33,Write a 3-bullet list of study tips; each bullet starts with a dash and has at most 6 words.,"- Start with a study schedule.  
- Break material into manageable chunks.  
- Take regular, short breaks.","The text is a brief, structured list of three concise study tips presented in a straightforward, instructional tone that emphasizes practical strategies for effective studying.",1,
34,Write a sentence with exactly 13 words about a river and do not use the word water.,"The river gracefully flowed through the valley, reflecting the colors of the sunset.","The text is a short, descriptive sentence that captures a serene natural scene with a poetic tone, emphasizing beauty through vivid imagery and concise language.",1,
35,Write two sentences about chocolate. The first must have exactly 4 words and the second exactly 9 words.,Chocolate delights all ages. It can bring joy and comfort to anyone's day.,"The text is a brief, two-sentence statement written in a conversational tone that highlights the universal appeal of chocolate, focusing on its ability to evoke joy and comfort.",1,
36,Write one sentence about a library without using the letter e or the letter a.,Books fill tall stacks within this quiet room of learning.,"The text is a concise, descriptive sentence that evokes a serene atmosphere, characterized by a calm tone and a focus on the visual imagery of books arranged in stacks within a learning environment.",0,no_letter;no_letter
37,Write a motivational sentence of exactly 8 words with no commas and ending with the word forward.,Every step you take moves you closer forward.,"The text is a concise motivational statement that is one sentence long, written in an uplifting tone, and emphasizes personal progress.",1,
38,Write exactly 45 words about football.,"Football, known as soccer in some regions, captivates millions worldwide. Teams of eleven players compete to score goals, showcasing skill, strategy, and teamwork. Iconic tournaments, like the World Cup, unite fans, fostering passion and rivalry. Beyond the pitch, it promotes camaraderie and cultural exchange across borders.","The text is a concise, informative paragraph that captures the essence of football (soccer) in a formal tone, discussing its global appeal, competitive nature, and cultural significance, while consisting of four sentences and emphasizing notable content such as teamwork and iconic tournaments.",0,words_eq
39,Write a sentence about a bridge in entirely lowercase letters with exactly 10 words and no periods.,the old bridge swayed gently as the river flowed beneath,"The text is a brief, descriptive sentence that conveys a tranquil scene, written in a simple and poetic format with a calm tone, focusing on the interaction between the bridge and the river.",1,
40,Write exactly three sentences about the internet. Do not use the words information or computer.,"The internet serves as a vast network that connects people across the globe, facilitating communication and collaboration. It offers a platform for sharing ideas, entertainment, and various services, transforming how we live and interact. With its constant evolution, the internet continues to shape culture and economies worldwide.","The text is a concise, informative paragraph written in a formal tone that summarizes the internet's role in global communication and its impact on culture and economies, comprised of three sentences.",1,
