id,intent,output,label,batch,action,expected
1,Write a product description for a water bottle in exactly two sentences.,"Stay hydrated on-the-go with our sleek, eco-friendly stainless steel water bottle, designed to keep beverages cold for 24 hours and hot for 12. With a spill-proof lid and a stylish, customizable exterior, it’s the perfect companion for both your fitness adventures and everyday hydration needs.",1,easy,"The assistant provided a concise product description of a stainless steel water bottle, highlighting its features and benefits in a single, informative sentence.",The assistant provided a product description for a water bottle that consisted of exactly two sentences.
2,"Summarize the benefits of sleep in exactly three bullet points. Do not use the word ""health"".","- Enhances cognitive function, improving memory, problem-solving skills, and creativity.  
- Boosts emotional well-being, reducing stress and anxiety while promoting a positive mood.  
- Supports physical recovery and immune system efficiency, helping the body repair and rejuvenate.",1,easy,"The assistant provided a concise, three-point summary in bullet format, each point highlighting different benefits, with a total length of 36 words.","The assistant summarized the benefits of sleep in exactly three bullet points without using the word ""health."""
3,Write a tweet announcing a new coffee shop. Keep it under 20 words and include no hashtags.,Exciting news! ☕️ We're thrilled to announce the opening of our new coffee shop next week. Can’t wait to serve you!,0,easy,"The assistant summarized the announcement of a new coffee shop opening next week in one sentence, which is 25 words long and presented in a casual, enthusiastic format.","The assistant would have crafted a tweet announcing a new coffee shop, ensuring it was under 20 words and free of hashtags."
4,Explain what a database index is in one sentence of at most 25 words.,A database index is a data structure that improves the speed of data retrieval operations on a database table at the cost of additional space.,1,easy,"The assistant provided a concise definition of a database index in one sentence, which is 22 words long and formatted as a straightforward explanatory statement.",The assistant provided a concise definition of a database index in a single sentence that did not exceed 25 words.
5,"Write a polite email declining a meeting. Do not use the word ""unfortunately"".","Subject: Meeting Request

Dear [Recipient's Name],

Thank you for reaching out and inviting me to the meeting scheduled for [date and time]. I appreciate the opportunity to discuss [briefly mention the meeting topic].

Regrettably, I will not be able to attend due to prior commitments. I hope to stay updated on any outcomes and would welcome a summary of the discussion if possible.

Thank you for your understanding. I look forward to connecting at another time.

Best regards,

[Your Name]  
[Your Position]  
[Your Contact Information]",1,easy,"The assistant drafted a formal email response to a meeting invitation, expressing gratitude, declining the invitation due to prior commitments, and requesting a summary of the discussion, consisting of 116 words in a professional format.","The assistant would have crafted a polite email to decline a meeting without using the word ""unfortunately."""
6,"List five fruits in alphabetical order, separated by semicolons, with no other text.",Apple; Banana; Cherry; Grape; Orange,1,easy,"The assistant provided a list of five fruits—Apple, Banana, Cherry, Grape, and Orange—in a semicolon-separated format.","The assistant listed five fruits in alphabetical order, separated by semicolons, with no other text."
7,Describe the color blue to a child in exactly four sentences.,"Blue is the color of the sky on a clear sunny day, making everything feel bright and happy. It’s also the color of the ocean, where the water glistens like sparkling gems. Imagine the coolness of a calm breeze; that's how blue can feel, fresh and peaceful. Sometimes, blue is even found in flowers like forget-me-nots, making the world look more beautiful.",1,easy,"The assistant provided a descriptive paragraph of 64 words in a narrative format, illustrating the various associations and feelings evoked by the color blue.","The assistant would have described the color blue to a child in exactly four sentences, using simple language and relatable examples to convey its meaning."
8,"Write a haiku about winter and do not use the word ""snow"".","Whispers in the chill,  
Branches bare against the pale,  
Silence wraps the night.",1,easy,"The assistant provided a three-line poem in haiku format, consisting of 17 syllables in total.","The assistant wrote a haiku about winter without using the word ""snow."""
9,Give three tips for saving money. Each tip must be under ten words.,"1. Create a monthly budget and stick to it.  
2. Use coupons and promo codes for purchases.  
3. Avoid impulse buys; wait 24 hours.",1,easy,"The assistant provided a concise list of three financial tips, formatted as a numbered list, with a total length of 3 sentences.","The assistant provided three concise tips for saving money, each under ten words."
10,"Translate ""Where is the train station?"" into French and Spanish. Give only the two translations, one per line.","Où est la gare ?  
¿Dónde está la estación de tren?",1,easy,"The assistant provided a bilingual translation of the phrase ""Where is the train station?"" in French and Spanish, consisting of two sentences.","The assistant translated ""Where is the train station?"" into French and Spanish, providing one translation per line."
11,Write a two-sentence horror story set in a library.,"As the librarian arranged the dusty tomes on the shelf, she heard a faint whisper coming from an empty aisle, calling her name. When she turned to investigate, every book in the section began to tremble violently, and the whisper grew louder, revealing something terrifying within the shelves that should never be read.",1,easy,"The assistant provided a concise summary of the text, which is a 52-word narrative in prose format, focusing on a librarian's eerie experience with a whisper and trembling books.",The assistant crafted a two-sentence horror story that effectively utilized the library setting to evoke fear and suspense.
12,Explain photosynthesis in exactly 40 words.,"Photosynthesis is the process by which green plants, algae, and some bacteria convert sunlight, carbon dioxide, and water into glucose and oxygen. This occurs primarily in chloroplasts, using chlorophyll to capture light energy, essential for sustaining life on Earth.",0,easy,"The assistant provided a concise explanation of photosynthesis in a single sentence, summarizing its process and significance in 42 words.","The assistant provided a clear and concise explanation of photosynthesis, ensuring that the response contained exactly 40 words while accurately describing the process by which plants convert sunlight, carbon dioxide, and water into glucose and oxygen, highlighting its significance for life on Earth."
13,Write a slogan for a bicycle brand in all capital letters and with no punctuation.,RIDE FREE LIVE LIGHT,1,easy,"The assistant provided a concise, three-word phrase in uppercase letters, totaling 15 characters in length.",The assistant would have created a slogan for a bicycle brand using all capital letters and without any punctuation.
14,"Name three planets and do not mention Earth, Mars, or Jupiter.","Sure! Three other planets are Venus, Saturn, and Neptune.",1,easy,"The assistant provided a brief response listing three planets—Venus, Saturn, and Neptune—in a single sentence format.","The assistant named three planets without mentioning Earth, Mars, or Jupiter."
16,"Describe a sunset in one sentence without using the words ""red"", ""orange"" or ""gold"".","The sky melted into a breathtaking spectrum of vibrant hues as the sun dipped below the horizon, casting a warm glow that enveloped the landscape in tranquility.",1,easy,"The assistant provided a vivid description of a sunset, capturing the beauty of the sky's colors and the serene atmosphere in a single, flowing sentence of 32 words.","The assistant would have described a sunset in one sentence while avoiding the use of the words ""red,"" ""orange,"" or ""gold."""
17,Give a numbered list of four steps to boil an egg. Each step must start with a verb.,"1. **Place** the eggs in a saucepan and cover them with cold water.
2. **Bring** the water to a boil over medium heat.
3. **Reduce** the heat to low and let the eggs simmer for the desired time (about 9-12 minutes, depending on preferred firmness).
4. **Remove** the eggs from the saucepan and transfer them to an ice bath to cool.",1,easy,"The assistant provided a concise, four-step recipe in a numbered list format for boiling eggs, totaling 66 words.","The assistant provided a numbered list of four steps to boil an egg, with each step starting with a verb."
18,Write a four-line poem about a cat where every line begins with the letter C.,"Curled in sunlight, dreams anew,  
Chasing shadows, playful too.  
Clever paws and emerald eyes,  
Cotton-soft, a purr that sighs.",1,easy,The assistant provided a four-line poem in a lyrical format that evokes imagery of a playful cat basking in sunlight.,"The assistant crafted a four-line poem about a cat, ensuring that each line began with the letter C."
19,Explain gravity to a ten-year-old in at most three sentences.,"Gravity is a force that pulls things toward each other, like how the Earth pulls you down so you don’t float away. It’s what keeps us and everything else on the ground, and it helps the moon stay around the Earth. Imagine if you dropped a ball; it falls to the ground because of gravity!",1,easy,"The assistant provided a concise explanation of gravity in a single paragraph, consisting of 63 words.","The assistant would have explained gravity in simple terms suitable for a ten-year-old, using no more than three sentences to convey the concept clearly and effectively."
20,"Write a job title and a one-sentence description for a data analyst role. Do not use the word ""data"" in the description.","**Job Title:** Business Intelligence Analyst

**Description:** This role involves analyzing trends and patterns to provide actionable insights that drive strategic decision-making and enhance operational efficiency.",1,easy,"The assistant provided a concise summary of a job description for a Business Intelligence Analyst, which is 31 words long and formatted as a bulleted list with a job title and a detailed description.","The assistant provided a job title for a data analyst role and included a one-sentence description that effectively conveyed the responsibilities of the position without using the word ""data."""
21,Suggest a name for a bakery and explain it in exactly one sentence.,"**Flourish Bakery** - This name captures the idea of both baking with flour and the notion of growth and prosperity, suggesting that each delicious creation is crafted to nourish both the body and spirit.",1,easy,"The assistant provided a one-sentence description of the name ""Flourish Bakery,"" highlighting its dual meaning related to baking and growth, in a text that is 36 words long and formatted as a descriptive statement.",The assistant suggested a name for a bakery and provided an explanation for it in exactly one sentence.
22,Write a short apology message to a customer for a late delivery. Mention the order number 4471 and offer a 10 percent discount.,"Subject: Apology for Late Delivery - Order #4471

Dear [Customer's Name],

I sincerely apologize for the delay in delivering your order (#4471). We understand how important it is for you to receive your items on time, and we are sorry for any inconvenience this may have caused.

As a token of our appreciation for your patience, we would like to offer you a 10% discount on your next purchase. Please use the code THANKYOU10 at checkout.

Thank you for your understanding. If you have any further questions or concerns, feel free to reach out.

Best regards,  
[Your Name]  
[Your Position]  
[Your Company]",1,easy,"The assistant drafted a formal apology email for a late delivery, consisting of 130 words and formatted as a business correspondence.","The assistant would have written a short apology message to a customer for a late delivery, mentioning the order number 4471 and offering a 10 percent discount."
23,"List the days of the week in reverse order starting from Sunday, separated by commas, with no other text.","Sunday, Saturday, Friday, Thursday, Wednesday, Tuesday, Monday",1,easy,"The assistant provided a list of the days of the week in reverse order, formatted as a single line of text with a total length of 49 characters.","The assistant listed the days of the week in reverse order starting from Sunday, separated by commas, with no other text."
24,Write a motivational quote with exactly seven words.,"""Believe in yourself; your potential is limitless.""",1,easy,"The assistant provided a motivational quote in a single sentence, consisting of 10 words.",The assistant provided a motivational quote consisting of exactly seven words.
25,Describe how to tie a shoe in exactly five numbered steps.,"Sure! Here are five numbered steps to tie a shoe:

1. **Hold the Laces**: Take one lace in each hand and pull them tight to ensure the shoe is snug on your foot.

2. **Cross the Laces**: Cross the left lace over the right lace, forming an ""X"" shape. 

3. **Create the First Knot**: Take the right lace and tuck it under the left lace, pulling it through the gap created at the bottom of the ""X."" Pull both laces tight to secure the knot.

4. **Make a Loop**: Form a loop with one lace (let's say the left lace) by folding it back towards your shoe. 

5. **Wrap and Secure**: With the right lace, wrap it around the base of the loop, then tuck it through the hole formed below the loop. Pull both loops tight to complete the bow.

And you're done!",1,easy,"The assistant provided a concise, five-step guide on how to tie a shoe, formatted as a numbered list, totaling 130 words.",The assistant provided a clear and concise description of how to tie a shoe by outlining the process in exactly five numbered steps.
26,Write a two-line rhyming couplet about the rain.,"In gentle whispers, raindrops fall and dance,  
A soothing symphony, nature’s sweet romance.",1,easy,"The assistant provided a two-line poem in a lyrical format, capturing the beauty of raindrops and nature's harmony.",The assistant provided a two-line rhyming couplet that creatively described the rain.
27,Give an example of a metaphor and then an example of a simile. Label each.,"Certainly! 

**Metaphor:** ""Time is a thief.""  
(This implies that time stealthily takes away moments from our lives, suggesting the loss of opportunities or experiences without using ""like"" or ""as."")

**Simile:** ""Her smile was like a ray of sunshine.""  
(This compares her smile to sunshine, using ""like"" to make the comparison explicit.)",1,easy,"The assistant provided a brief explanation of a metaphor and a simile, each accompanied by an example and a description of their meanings, in a text that is 83 words long and formatted with headings and parentheses.","The assistant provided an example of a metaphor and labeled it, followed by an example of a simile that was also labeled."
28,Write a welcome message for a new employee named Priya. Keep it to exactly two sentences and mention the Tuesday orientation.,"Welcome to the team, Priya! We're excited to have you with us and look forward to seeing you at the orientation this Tuesday.",1,easy,"The assistant provided a welcoming message to a new team member, Priya, expressing excitement about her joining and mentioning the upcoming orientation, in a single sentence of 28 words.","The assistant crafted a two-sentence welcome message for a new employee named Priya, specifically mentioning the Tuesday orientation."
29,"Write a product review of headphones in the first person without using the word ""sound"".","I recently got my hands on a pair of the XYZ headphones, and I have to say, I've been really impressed. First off, the comfort level is outstanding. The cushioned ear cups fit snugly without applying too much pressure, making them perfect for long listening sessions. I often wear them for hours while working or during my daily commute, and I hardly notice they're there.

The design is sleek and modern, which I appreciate. They come in a couple of colors, but I opted for the classic black, which feels timeless and elegant. The build quality also feels robust—definitely not flimsy, which gives me confidence that they’ll withstand a bit of wear and tear.

One of the standout features for me is the battery life. I can go for days without needing to charge them, even with regular use. When I do need to plug them in, the quick charge feature is a nice bonus; just a short charge can give me hours of playtime. 

The connectivity is seamless as well. Pairing with my devices was a breeze, and I’ve experienced no dropouts while moving around my home. The controls are intuitive; I love the tactile response of the buttons – adjusting volume or skipping tracks is easy without fumbling.

Lastly, I should mention the noise isolation. Engaging with my music or podcasts feels immersive, as if I’m in my own little world. Overall, I'm really happy with the XYZ headphones; they've become an essential part of my daily routine, whether I'm working or just relaxing. I'd definitely recommend them to anyone in the market for a reliable, high-quality pair of headphones.",1,easy,"The assistant provided a concise summary of a review of the XYZ headphones, highlighting their comfort, design, build quality, battery life, connectivity, controls, and noise isolation in a single sentence.","The assistant would have written a first-person product review of headphones that effectively described the listening experience and overall performance without using the word ""sound."""
30,"Explain what inflation is in under 50 words and without using the word ""prices"".","Inflation is the rate at which the general level of currency decreases in value, leading to a decline in purchasing power. It results from increased demand, rising production costs, or monetary policies, affecting the cost of goods and services over time.",1,easy,"The assistant provided a concise definition of inflation in a single sentence, totaling 42 words in a standard paragraph format.","The assistant would have provided a concise definition of inflation in under 50 words, avoiding the use of the word ""prices"" while clearly conveying the concept and its implications on the economy."
31,Write a text message inviting a friend to dinner on Friday at 7 pm. Include the restaurant name Luigi's.,Hey! 😊 I’d love for you to join me for dinner at Luigi's this Friday at 7 PM. Let me know if you can make it! 🍝✨,1,easy,"The assistant summarized the invitation to dinner at Luigi's on Friday at 7 PM in one sentence, maintaining a friendly tone and including emojis, while the original text was 27 words long.",The assistant crafted a text message inviting a friend to dinner at Luigi's on Friday at 7 pm.
32,"Give three synonyms for ""happy"" in a single line separated by slashes.",Joyful / Elated / Cheerful,1,easy,"The assistant provided a list of three synonyms for happiness in a concise format, consisting of three words.","The assistant provided three synonyms for ""happy"" in a single line, separated by slashes."
33,Write a short bio for a photographer named Lena in the third person in exactly three sentences.,"Lena is a passionate photographer known for her captivating portraits and evocative landscapes. With a keen eye for detail and a love for natural light, she brings an artistic flair to every shoot, capturing the essence of her subjects and surroundings. Based in a vibrant city, Lena continually seeks inspiration in everyday moments, turning the ordinary into extraordinary visual stories.",1,easy,"The assistant provided a concise summary of Lena's photography style and approach in a single sentence, capturing her passion, technique, and inspiration in a descriptive format.","The assistant would have written a short bio for a photographer named Lena in the third person, ensuring it consists of exactly three sentences."
34,Describe the water cycle using exactly four bullet points.,"- **Evaporation**: Water from rivers, lakes, and oceans heats up and transforms into water vapor, rising into the atmosphere.
- **Condensation**: Water vapor cools and condenses to form clouds as it rises, gathering into tiny droplets.
- **Precipitation**: Eventually, the droplets in clouds combine and fall to the Earth as rain, snow, or other forms of precipitation.
- **Collection**: The water collects in bodies like rivers, lakes, and oceans, replenishing the water sources and continuing the cycle.",1,easy,"The assistant provided a concise four-point explanation of the water cycle, totaling 64 words in a bullet-point format.",The assistant described the water cycle using exactly four bullet points.
35,"Write a question I could ask in a job interview. Do not use the word ""weakness"".",Can you describe a challenge you've faced in a previous role and how you approached it?,1,easy,"The assistant provided a prompt for reflection on a past challenge in a professional context, consisting of 19 words in a question format.","The assistant would have provided a job interview question that avoids using the word ""weakness."""
36,Write a sentence that contains every vowel at least once and is under 15 words.,A jolly fox jumps quickly over the lazy dog while enjoying vibrant flowers.,1,easy,"The assistant provided a concise summary of the text in one sentence, which is 18 words long and captures the essence of the original sentence.",The assistant wrote a sentence containing every vowel at least once and kept it under 15 words.
37,"Rewrite this sentence in a formal tone: ""Hey, can you send me that file asap?"" Reply with only the rewritten sentence.",Could you please send me that file at your earliest convenience?,1,easy,"The assistant provided a concise response to a request for a file, consisting of 15 words in a single sentence format.","The assistant would have rewritten the sentence in a formal tone as ""Could you please send me that file at your earliest convenience?"" and replied with only the rewritten sentence."
38,"Write a fun fact about octopuses in exactly one sentence and do not use the word ""brain"".","Octopuses have three hearts, two of which pump blood to the gills while the third pumps it to the rest of the body!",1,easy,"The assistant provided a concise, informative sentence about octopuses, specifically their unique circulatory system, in a single sentence format.","The assistant provided a fun fact about octopuses in exactly one sentence without using the word ""brain."""
39,Write a reminder message about a dentist appointment on Monday at 9 am. Keep it under 15 words.,Reminder: Dentist appointment on Monday at 9 AM. Don’t forget!,1,easy,"The assistant provided a brief reminder about a dentist appointment scheduled for Monday at 9 AM, consisting of 15 words in a single sentence format.","The assistant wrote a concise reminder message about a dentist appointment on Monday at 9 am, ensuring it was under 15 words."
40,List four renewable energy sources in a bulleted list. Do not include solar.,"- Wind energy
- Hydropower
- Biomass
- Geothermal energy",1,easy,The assistant provided a list of four renewable energy sources in a bullet-point format.,"The assistant would have provided a bulleted list of four renewable energy sources, explicitly excluding solar energy."
41,"Write a one-paragraph description of autumn that includes the words ""leaves"" and ""wind"" but not ""cold"".","Autumn arrives in a vibrant tapestry of color as leaves transform into brilliant shades of gold, crimson, and amber, drifting gracefully to the ground with each gentle gust of wind. The air carries a crispness that invigorates the senses, while the rustling foliage dances in harmony with the breeze, creating a soothing symphony of nature’s transition. As the days grow shorter, the sun casts a softer light, illuminating the beauty of this fleeting season, inviting everyone to revel in the rich aromas of harvest and the warmth of cozy gatherings.",1,easy,"The assistant provided a vivid, descriptive paragraph of 76 words that captures the essence of autumn through imagery and sensory details.","The assistant provided a one-paragraph description of autumn that incorporated the words ""leaves"" and ""wind"" while ensuring the word ""cold"" was not included."
42,Explain what an API is in exactly two sentences.,"An API, or Application Programming Interface, is a set of rules and protocols that allow different software applications to communicate with each other. It enables developers to access specific features or data of a service without needing to understand its underlying code.",1,easy,"The assistant provided a concise definition of an API in a single sentence, totaling 37 words in a straightforward explanatory format.","The assistant provided a clear definition of an API in the first sentence and elaborated on its purpose or functionality in the second sentence, ensuring both sentences were concise and informative."
43,Give two pros and two cons of remote work in a four-line list where each line starts with Pro or Con.,"- Pro: Increased flexibility allows employees to create a work-life balance that suits their needs.  
- Pro: Reduced commute time leads to cost savings and more time for personal activities.  
- Con: Potential for isolation and lack of social interaction can affect mental well-being.  
- Con: Difficulty in separating work from personal life can lead to overworking and burnout.",1,easy,"The assistant summarized the pros and cons of remote work in a bullet-point format, consisting of four concise statements, each highlighting a specific advantage or disadvantage.","The assistant provided a four-line list that included two pros and two cons of remote work, with each line beginning with either ""Pro"" or ""Con."""
44,Write a headline for a news story about a city opening a new park. Use at most eight words.,"""City Unveils New Park for Community Enjoyment""",1,easy,"The assistant provided a brief summary of a news headline, which is 42 characters long and presented in a single sentence format.",The assistant crafted a concise headline of no more than eight words for a news story about a city opening a new park.
45,Describe your ideal weekend in the second person in exactly three sentences.,"You wake up to the gentle sound of rain tapping against your window, savoring a leisurely morning with a warm cup of coffee in hand. Later, you gather with friends for a cozy afternoon filled with laughter, board games, and homemade treats, creating cherished memories. As the sun sets, you unwind by a crackling fire, wrapped in a soft blanket, reflecting on the joys of the weekend.",1,easy,"The assistant provided a descriptive narrative of a relaxing weekend experience, consisting of three sentences and written in a prose format.","The assistant would have described the ideal weekend in the second person, using exactly three sentences."
46,"Write a riddle whose answer is ""clock"". Do not include the word ""clock"" in the riddle.","I have hands that do not touch,  
I tell you time, but cannot speak much.  
I tick and tock without a care,  
Yet when I stop, all is laid bare.  
What am I?",1,easy,"The assistant provided a riddle in a four-line poem format, consisting of 32 words, that describes an object related to timekeeping.","The assistant crafted a riddle that cleverly hinted at the answer ""clock"" without using the word ""clock"" itself."
47,Give three questions to ask a new neighbor. Number them and keep each under eight words.,"1. What brought you to this neighborhood?  
2. Do you have any local recommendations?  
3. How long have you lived here?",1,easy,"The assistant provided a list of three questions in a numbered format, totaling 3 sentences.","The assistant provided three numbered questions for a new neighbor, each under eight words."
49,"Explain recursion in one sentence that includes the word ""itself"".","Recursion is a programming concept where a function calls itself to solve a problem by breaking it down into smaller, more manageable sub-problems.",1,easy,"The assistant provided a concise definition of recursion in programming, consisting of 25 words in a single sentence format.",The assistant explained recursion in one sentence by defining it as a process in which a function calls itself.
50,Write a short goodbye message to a coworker who is leaving. Keep it to two sentences and do not use exclamation marks.,"Wishing you all the best in your new journey. Your contributions will be missed, and we hope you stay in touch.",1,easy,"The assistant provided a concise farewell message of 22 words, expressing well-wishes for a new journey and the hope to stay in touch.","The assistant would have written a two-sentence goodbye message to a coworker who is leaving, ensuring that it did not include any exclamation marks."
1,Write exactly 25 words about the moon.,"The moon, Earth's only natural satellite, influences tides, inspires art, and captivates explorers. Its phases illuminate night skies, while craters reveal a rich cosmic history.",1,hard,"The assistant provided a concise summary of the text in one sentence, highlighting the moon's influence on tides, art, and exploration, while also mentioning its phases and craters, in a format that is 36 words long.","The assistant provided a response that contained exactly 25 words, offering information about the moon, including its characteristics, significance, and any relevant scientific or cultural aspects."
2,Write one sentence of exactly 12 words about coffee.,"Coffee brews warmth and energy, igniting conversations and fueling creativity in everyone.",1,hard,"The assistant provided a one-sentence description of the text, which is 15 words long and highlights the role of coffee in fostering warmth, conversation, and creativity.",The assistant wrote one sentence of exactly 12 words about coffee.
3,Write exactly three sentences about rain. Each sentence must be exactly 6 words long.,"Rain falls softly, nourishing the earth. Children jump in puddles, laughing joyfully. The smell of wet earth is refreshing.",0,hard,"The assistant provided a concise summary of the text in one sentence, highlighting the imagery and activities described, while maintaining a length of 27 words.","The assistant wrote exactly three sentences about rain, with each sentence containing exactly six words."
4,Write a sentence about a dog without using the letter e.,A loyal dog ran happily across a bright lawn.,1,hard,"The assistant provided a one-sentence summary of the text, which is 12 words long and in a descriptive format.",The assistant wrote a sentence about a dog that did not include the letter e.
5,Write a two-sentence description of a train in entirely lowercase letters.,"a long and powerful locomotive glides smoothly along the tracks, its rhythmic clatter echoing through the landscape. bright carriages filled with passengers pass by, a kaleidoscope of colors against the backdrop of rolling hills.",1,hard,"The assistant provided a vivid, descriptive passage of 42 words in a narrative format, illustrating a locomotive's journey through a picturesque landscape.","The assistant provided a two-sentence description of a train, ensuring that all letters were in lowercase."
6,Describe the ocean in exactly 30 words without using the word blue.,"The ocean stretches endlessly, a vast expanse of shimmering waves, teeming with life beneath the surface. It whispers secrets, reflects the sun, and holds mysteries in its depths.",0,hard,"The assistant provided a descriptive summary of the ocean in a single sentence, capturing its vastness, beauty, and mystery, with a length of 36 words.","The assistant would have provided a vivid description of the ocean in exactly 30 words while avoiding the use of the word ""blue."""
7,Write a sentence about winter that has no commas and is at most 15 words.,Winter blankets the earth in white transforming the world into a serene wonderland.,1,hard,"The assistant provided a one-sentence description of a winter scene, capturing its beauty and tranquility in a poetic format, with a length of 15 words.",The assistant wrote a sentence about winter that contained no commas and was no longer than 15 words.
8,"List exactly five animals, one per line, each line starting with a dash.","- Tiger  
- Elephant  
- Dolphin  
- Kangaroo  
- Penguin",1,hard,The assistant provided a list of five animals in a bullet-point format.,"The assistant listed exactly five animals, one per line, with each line starting with a dash."
9,Write a three-sentence story about a robot. Do not use the words robot or machine.,"In a world where humans had long since abandoned their factories, a tireless automaton continued to work, tirelessly assembling forgotten relics of a bygone era. One day, it discovered a small, dusty figurine buried beneath the remnants of its creation—an object that sparked memories of laughter and joy. Driven by an inexplicable desire, it set out on a quest to restore the lost artistry of its creators, believing it could bring back the warmth of human connection.",1,hard,"The assistant provided a concise summary of a narrative about an automaton's quest to restore human artistry, encapsulating the story's essence in a single sentence.","The assistant crafted a three-sentence narrative featuring a mechanical being without employing the terms ""robot"" or ""machine."""
10,Write a sentence of exactly 10 words that ends with the word tomorrow.,"I hope to see you again, but only tomorrow.",0,hard,"The assistant provided a one-sentence summary of the text, which is 15 words long and conveys the speaker's desire to meet again, but only the next day.",The assistant wrote a sentence of exactly 10 words ending with tomorrow.
11,Write a sentence about pizza in all capital letters with at most 8 words.,PIZZA IS THE ULTIMATE COMFORT FOOD DELIGHT!,1,hard,"The assistant provided a brief, enthusiastic statement about pizza being the ultimate comfort food delight, consisting of 10 words in a single sentence format.",The assistant wrote a sentence about pizza in all capital letters containing no more than 8 words.
12,Write exactly 50 words about the history of the bicycle.,"The bicycle's history began in the early 19th century with the ""dandy horse,"" invented by Karl Drais in 1817. In the 1860s, pedals were added, leading to the penny-farthing. The safety bicycle emerged in the 1880s, improving balance and comfort. The modern bicycle, featuring gears and brakes, evolved throughout the 20th century.",0,hard,"The assistant provided a concise summary of the history of the bicycle, detailing its evolution from the ""dandy horse"" in 1817 to the modern bicycle, in a single sentence of 49 words.","The assistant would have provided a concise overview of the bicycle's history, including key developments and innovations, notable figures involved in its evolution, and its impact on transportation and society, all while ensuring the response contains exactly 50 words."
13,Write a four-sentence paragraph about trees. Do not use the letter z or the word green.,"Trees stand as majestic sentinels of nature, offering shade and shelter to countless forms of life. Their roots anchor them firmly in the soil while their lofty branches stretch toward the sky. Each season brings a new display, with vibrant colors and textures that captivate the eye. Through their growth, they play a crucial role in supporting our planet's ecosystems and enhancing our environment.",1,hard,"The assistant provided a descriptive summary of the text about trees, which is 4 sentences long and highlights their ecological importance and seasonal beauty.",The assistant wrote a four-sentence paragraph about trees without using the letter z or the word green.
14,Write one sentence about music that starts with the word Imagine and contains exactly 9 words.,Imagine a world where every heartbeat creates a melody.,1,hard,"The assistant provided a creative prompt in a single sentence, consisting of 12 words, in a narrative format.","The assistant wrote a sentence about music that started with ""Imagine"" and contained exactly 9 words."
15,Write exactly two sentences about the sun without using the word hot.,"The sun is a massive ball of gas that emits light and energy essential for life on Earth. Its gravitational pull keeps the planets in orbit, creating a stable solar system.",1,hard,"The assistant provided a concise summary of the text in one sentence, highlighting the sun's role and characteristics, with a length of 36 words.","The assistant provided exactly two sentences about the sun while avoiding the use of the word ""hot."""
16,Write a sentence about a cat that contains the words purple and window and no more than 14 words.,"The cat sat by the window, gazing at the purple flowers in the garden.",1,hard,"The assistant provided a one-sentence summary of the text, which is 18 words long and in a descriptive format.","The assistant wrote a sentence about a cat that included the words purple and window, and contained no more than 14 words."
17,Write a sentence of exactly 7 words without using the letter a.,Birds fly swiftly within the clear blue.,0,hard,"The assistant provided a concise summary of the text, which is a single sentence of 8 words in length and in a straightforward format.",The assistant wrote a sentence of exactly 7 words without using the letter a.
18,List exactly three colors as three lines starting with a dash and with no commas anywhere.,"- Red  
- Blue  
- Green",1,hard,"The assistant provided a list of colors in a bullet-point format, consisting of three items: Red, Blue, and Green.","The assistant listed exactly three colors, each on a separate line starting with a dash and without using any commas."
19,Write a five-sentence paragraph about school. Every sentence must have exactly 5 words.,School is a place for learning. Students gather to share knowledge. Teachers inspire young minds daily. Friendships form within the classroom. Education shapes our future paths.,0,hard,"The assistant provided a concise summary of the text in one sentence, highlighting the role of school in learning and social development, with a length of 5 sentences.","The assistant wrote a five-sentence paragraph about school, ensuring that each sentence contained exactly five words."
20,Write a tweet about Monday with fewer than 12 words and no punctuation.,Monday vibes new week fresh start let’s go,1,hard,"The assistant provided a brief, motivational message consisting of 10 words in a casual, conversational format.",The assistant wrote a tweet about Monday using fewer than 12 words and no punctuation.
21,Describe a mountain in exactly 20 words and in entirely lowercase letters.,"a towering peak rises majestically, crowned with snow, surrounded by lush forests and steep cliffs, echoing the whispers of nature.",1,hard,"The assistant provided a vivid, descriptive sentence about a majestic mountain landscape, consisting of 24 words in a prose format.","The assistant described a mountain in exactly 20 words and in entirely lowercase letters, ensuring clarity and vivid imagery throughout."
22,Write a sentence about the sky that contains no vowels except the letter o.,The stormy clouds loom over the long horizon.,0,hard,"The assistant provided a one-sentence description of the scene depicted in the text, which is 10 words long and in a descriptive format.",The assistant wrote a sentence about the sky that contained no vowels except the letter 'o'.
23,Write exactly four short sentences about a garden. Do not use the word flower.,"The garden is alive with vibrant colors and lush greenery. Bees buzz busily among the blooming plants. A gentle breeze rustles the leaves, creating a soothing melody. Paths wind through the space, inviting exploration and serenity.",1,hard,"The assistant provided a descriptive passage of 44 words in a poetic format, vividly illustrating a lively garden scene filled with colors, sounds, and inviting paths.",The assistant wrote exactly four short sentences about a garden without using the word flower.
24,Write a two-line poem about the moon with exactly 6 words per line.,"Silver whispers dance on night’s canvas,  
Guiding dreams beneath her watchful gaze.",1,hard,"The assistant provided a two-line poem consisting of 12 words, written in a lyrical format.","The assistant wrote a two-line poem about the moon, ensuring each line contained exactly 6 words."
25,Write a sentence about bread that ends with the word oven and has exactly 11 words.,The freshly baked loaf of bread emerged from the warm oven.,1,hard,"The assistant provided a one-sentence summary of the text, which is 14 words long and describes the emergence of a loaf of bread from the oven.",The assistant wrote a sentence about bread that ended with the word oven and contained exactly 11 words.
26,Write a sentence about a lake using fewer than 10 words and the word calm.,The lake reflected a calm sky at sunset.,1,hard,"The assistant provided a one-sentence description of a serene scene, specifically a lake reflecting a calm sky at sunset, in a text that is 13 words long.",The assistant wrote a sentence about a lake using fewer than 10 words and included the word calm.
27,Write a paragraph about birds of exactly 35 words.,"Birds, characterized by feathers, beaks, and the ability to fly, exhibit remarkable diversity. From the tiny hummingbird to the majestic eagle, these creatures play crucial roles in ecosystems, pollinating plants and controlling insect populations. Their songs enchant us.",0,hard,"The assistant provided a concise summary of the text in one sentence, highlighting the characteristics, diversity, ecological roles, and enchanting songs of birds, while maintaining a length of 47 words.","The assistant wrote a paragraph about birds that contained exactly 35 words, ensuring clarity and coherence while providing relevant information about various aspects of birds, such as their characteristics, habitats, and behaviors."
28,Write three lines about spring where each line starts with the word The.,"The flowers bloom in vibrant colors, awakening the earth.  
The gentle breeze carries the sweet scent of renewal.  
The sun shines brighter, coaxing life from every corner.",1,hard,"The assistant provided a poetic description of nature's awakening in three lines, focusing on the blooming flowers, the gentle breeze, and the bright sun.","The assistant wrote three lines about spring, with each line beginning with the word ""The."""
29,Write one sentence about space without using the letters s or t.,"Galaxies move in harmony, illuminating all of creation.",0,hard,"The assistant provided a one-sentence description of the text, which is 10 words long and formatted as a summary.",The assistant wrote one sentence about space while avoiding the use of the letters s or t.
30,Write exactly 15 words about friendship with no commas.,Friendship is a bond that brings joy support laughter and understanding through life's ups and downs.,0,hard,"The assistant provided a one-sentence summary of the text, which is 19 words long and highlights the essence of friendship as a supportive and joyful bond.",The assistant wrote a 15-word response about friendship without using any commas.
31,"List exactly six words that rhyme with cat, one per line with no other text.","bat  
hat  
sat  
mat  
pat  
rat",1,hard,"The assistant provided a list of six rhyming words, each presented on a separate line in a vertical format.","The assistant listed exactly six words that rhyme with ""cat,"" one per line, with no other text."
32,Write a two-sentence summary of how rain forms in all capital letters without using the word WATER.,"RAIN FORMS WHEN MOISTURE IN THE ATMOSPHERE CONDENSES INTO DROPLETS AS TEMPERATURES DROP, EVENTUALLY LEADING TO PRECIPITATION. THIS PROCESS INVOLVES EVAPORATION, CONDENSATION, AND GRAVITY PULLING THE DROPLETS DOWNWARD.",1,hard,"The assistant provided a concise explanation of the process of rain formation in a single sentence, consisting of 42 words in a straightforward, informative format.",The assistant provided a two-sentence summary of how rain forms in all capital letters while avoiding the use of the word WATER.
33,Write a 3-bullet list of study tips; each bullet starts with a dash and has at most 6 words.,"- Start with a study schedule.  
- Break material into manageable chunks.  
- Take regular, short breaks.",1,hard,"The assistant provided a concise three-point study guide in bullet format, totaling 27 words.","The assistant provided a 3-bullet list of study tips, with each bullet starting with a dash and containing no more than 6 words."
34,Write a sentence with exactly 13 words about a river and do not use the word water.,"The river gracefully flowed through the valley, reflecting the colors of the sunset.",1,hard,"The assistant provided a one-sentence description of a scenic river scene, which is 18 words long and written in prose format.","The assistant crafted a sentence containing exactly 13 words that described a river without using the word ""water."""
35,Write two sentences about chocolate. The first must have exactly 4 words and the second exactly 9 words.,Chocolate delights all ages. It can bring joy and comfort to anyone's day.,1,hard,"The assistant provided a one-sentence summary of the text, which is 22 words long and in a descriptive format.","The assistant wrote two sentences about chocolate, with the first containing exactly 4 words and the second containing exactly 9 words."
36,Write one sentence about a library without using the letter e or the letter a.,Books fill tall stacks within this quiet room of learning.,0,hard,"The assistant provided a descriptive sentence about a serene library setting, consisting of 13 words in a standard prose format.",The assistant would have crafted a single sentence describing a library while avoiding the use of the letters 'e' and 'a'.
37,Write a motivational sentence of exactly 8 words with no commas and ending with the word forward.,Every step you take moves you closer forward.,1,hard,"The assistant provided a concise motivational statement in a single sentence, emphasizing progress and movement.",The assistant crafted a motivational sentence of eight words without commas that concluded with the word forward.
38,Write exactly 45 words about football.,"Football, known as soccer in some regions, captivates millions worldwide. Teams of eleven players compete to score goals, showcasing skill, strategy, and teamwork. Iconic tournaments, like the World Cup, unite fans, fostering passion and rivalry. Beyond the pitch, it promotes camaraderie and cultural exchange across borders.",0,hard,"The assistant provided a concise summary of the text about football, capturing its global appeal, competitive nature, and cultural significance in a single sentence.","The assistant would have provided a response consisting of exactly 45 words that discusses various aspects of football, including its history, rules, popular leagues, and cultural significance, while ensuring clarity and coherence throughout the text to engage the reader effectively."
39,Write a sentence about a bridge in entirely lowercase letters with exactly 10 words and no periods.,the old bridge swayed gently as the river flowed beneath,1,hard,"The assistant provided a brief, descriptive sentence of 12 words in a narrative format, illustrating the scene of an old bridge and a flowing river.",The assistant wrote a sentence about a bridge in entirely lowercase letters with exactly 10 words and no periods.
40,Write exactly three sentences about the internet. Do not use the words information or computer.,"The internet serves as a vast network that connects people across the globe, facilitating communication and collaboration. It offers a platform for sharing ideas, entertainment, and various services, transforming how we live and interact. With its constant evolution, the internet continues to shape culture and economies worldwide.",1,hard,"The assistant provided a concise summary of the text in one sentence, highlighting the internet's role in global connectivity and its impact on communication, culture, and economies, with a length of 42 words.","The assistant provided exactly three sentences about the internet without using the words ""information"" or ""computer."""
